 ESP FILE - ATOMIC UNITS
 CHARGE =   0 - MULTIPLICITY =   1
 ATOMIC COORDINATES AND ESP CHARGES. #ATOMS =       36
  C      -0.19936087D-30  0.69377062D+01  0.13735136D+01  0.23087263D+00
  C      -0.14269446D-30  0.69377062D+01 -0.13735133D+01  0.23087256D+00
  C      -0.28474806D-30  0.93231396D+01  0.26621197D+01 -0.29404642D+00
  C      -0.17491818D-30  0.93231396D+01 -0.26621213D+01 -0.29404707D+00
  C      -0.31237954D-30  0.11539342D+02  0.13531329D+01 -0.11160317D+00
  C      -0.25655392D-30  0.11539341D+02 -0.13531325D+01 -0.11160235D+00
  C      -0.16957810D-30  0.46549945D+01  0.26576940D+01 -0.39966972D+00
  C      -0.85384845D-31  0.23130796D+01  0.13749592D+01  0.13268937D+00
  C      -0.59930853D-31  0.46549946D+01 -0.26576937D+01 -0.39966951D+00
  C      -0.28658791D-31  0.23130796D+01 -0.13749589D+01  0.13268798D+00
  H      -0.32702891D-30  0.93225103D+01  0.47125274D+01  0.16354400D+00
  H      -0.21192980D-30  0.46561510D+01  0.47094017D+01  0.19333015D+00
  H      -0.17636173D-31  0.46561492D+01 -0.47093996D+01  0.19333028D+00
  H      -0.13260634D-30  0.93225104D+01 -0.47125270D+01  0.16354455D+00
  H      -0.28000064D-30  0.13327346D+02 -0.23532663D+01  0.13637752D+00
  H      -0.37708828D-30  0.13327346D+02  0.23532667D+01  0.13637819D+00
  C      -0.23163593D-23  0.00000000D+00  0.26586293D+01 -0.26694341D+00
  C      -0.28327056D-15 -0.23130796D+01  0.13749592D+01  0.13268937D+00
  C      -0.40240435D-23  0.00000000D+00 -0.26586291D+01 -0.26694256D+00
  C      -0.28327056D-15 -0.23130796D+01 -0.13749589D+01  0.13268798D+00
  H      -0.16574923D-23  0.00000000D+00  0.47101595D+01  0.16395392D+00
  H      -0.46829092D-23  0.00000000D+00 -0.47101555D+01  0.16395405D+00
  C      -0.57007241D-15 -0.46549945D+01  0.26576940D+01 -0.39966972D+00
  C      -0.84962397D-15 -0.69377062D+01  0.13735136D+01  0.23087263D+00
  C      -0.57007242D-15 -0.46549946D+01 -0.26576937D+01 -0.39966951D+00
  C      -0.84962397D-15 -0.69377062D+01 -0.13735133D+01  0.23087256D+00
  H      -0.57021405D-15 -0.46561510D+01  0.47094017D+01  0.19333015D+00
  H      -0.57021382D-15 -0.46561492D+01 -0.47093996D+01  0.19333028D+00
  C      -0.11417553D-14 -0.93231396D+01  0.26621197D+01 -0.29404642D+00
  C      -0.14131619D-14 -0.11539342D+02  0.13531329D+01 -0.11160317D+00
  C      -0.11417553D-14 -0.93231396D+01 -0.26621213D+01 -0.29404707D+00
  C      -0.14131616D-14 -0.11539341D+02 -0.13531325D+01 -0.11160235D+00
  H      -0.11416782D-14 -0.93225103D+01  0.47125274D+01  0.16354400D+00
  H      -0.16321292D-14 -0.13327346D+02  0.23532667D+01  0.13637819D+00
  H      -0.16321292D-14 -0.13327346D+02 -0.23532663D+01  0.13637752D+00
  H      -0.11416782D-14 -0.93225104D+01 -0.47125270D+01  0.16354455D+00
 DIPOLE MOMENT:
 X= -0.78580979D-16 Y= -0.13143653D-12 Z=  0.59709545D-06 Total=  0.59709545D-06
 TRACELESS QUADRUPOLE MOMENT:
   XX= -0.14724776D+02   YY=  0.82327995D+01   ZZ=  0.64919769D+01
   XY=  0.45365880D-12   XZ= -0.62931500D-21   YZ=  0.56857297D-13
 ESP VALUES AND GRID POINT COORDINATES. #POINTS =    1602
 -0.17234341D-01  0.34367567D+01  0.69377062D+01  0.33577260D+01
 -0.23583118D-01  0.39684249D+01  0.69377062D+01  0.13735136D+01
 -0.22599632D-01 -0.38531096D+01  0.78874124D+01  0.13735136D+01
 -0.25534268D-01 -0.38531096D+01  0.59880000D+01  0.13735136D+01
 -0.23583126D-01  0.39684249D+01  0.69377062D+01 -0.13735133D+01
 -0.22599643D-01 -0.38531096D+01  0.78874125D+01 -0.13735133D+01
 -0.25534278D-01 -0.38531096D+01  0.59880000D+01 -0.13735133D+01
 -0.17234354D-01  0.34367567D+01  0.69377062D+01 -0.33577257D+01
 -0.86374170D-02  0.34367567D+01  0.93231396D+01  0.46463321D+01
 -0.69832930D-02  0.28911838D+01  0.11181191D+02  0.46463321D+01
 -0.96102812D-03 -0.22505970D+01  0.11920467D+02  0.46463321D+01
 -0.91236817D-02 -0.32975439D+01  0.10291386D+02  0.46463321D+01
 -0.67231850D-02 -0.32975439D+01  0.83548934D+01  0.46463321D+01
 -0.37501618D-02  0.28911838D+01  0.74650886D+01  0.46463321D+01
 -0.22087316D-01  0.39684249D+01  0.93231396D+01  0.26621197D+01
 -0.24188792D-01 -0.38531096D+01  0.10272846D+02  0.26621197D+01
 -0.20422091D-01 -0.38531096D+01  0.83734334D+01  0.26621197D+01
 -0.24181375D-01  0.34367567D+01  0.93231396D+01  0.67790729D+00
 -0.24181388D-01  0.34367567D+01  0.93231396D+01 -0.67790885D+00
 -0.22087326D-01  0.39684249D+01  0.93231396D+01 -0.26621213D+01
 -0.24188798D-01 -0.38531096D+01  0.10272846D+02 -0.26621213D+01
 -0.20422101D-01 -0.38531096D+01  0.83734334D+01 -0.26621213D+01
 -0.86373987D-02  0.34367567D+01  0.93231396D+01 -0.46463337D+01
 -0.69832865D-02  0.28911838D+01  0.11181191D+02 -0.46463337D+01
 -0.96104729D-03 -0.22505970D+01  0.11920467D+02 -0.46463337D+01
 -0.91236661D-02 -0.32975439D+01  0.10291386D+02 -0.46463337D+01
 -0.67231652D-02 -0.32975439D+01  0.83548934D+01 -0.46463337D+01
 -0.37501412D-02  0.28911838D+01  0.74650887D+01 -0.46463337D+01
 -0.17499859D-01  0.34367567D+01  0.11539342D+02  0.33373453D+01
 -0.10412510D-01 -0.32975439D+01  0.12507589D+02  0.33373453D+01
 -0.21582004D-01  0.39684249D+01  0.11539342D+02  0.13531329D+01
 -0.81533310D-02  0.35138657D+01  0.13383561D+02  0.13531329D+01
 -0.47269677D-03 -0.29704087D+01  0.14170895D+02  0.13531329D+01
 -0.15196636D-01 -0.38531096D+01  0.12489049D+02  0.13531329D+01
 -0.26391986D-01 -0.38531096D+01  0.10589636D+02  0.13531329D+01
 -0.21582018D-01  0.39684249D+01  0.11539341D+02 -0.13531325D+01
 -0.81533658D-02  0.35138657D+01  0.13383560D+02 -0.13531325D+01
 -0.47274092D-03 -0.29704087D+01  0.14170893D+02 -0.13531325D+01
 -0.15196660D-01 -0.38531096D+01  0.12489047D+02 -0.13531325D+01
 -0.26391992D-01 -0.38531096D+01  0.10589634D+02 -0.13531325D+01
 -0.17499894D-01  0.34367567D+01  0.11539341D+02 -0.33373450D+01
 -0.10412562D-01 -0.32975439D+01  0.12507587D+02 -0.33373450D+01
 -0.86476802D-02  0.34367567D+01  0.46549945D+01  0.46419064D+01
 -0.49288877D-02  0.28911838D+01  0.65130455D+01  0.46419064D+01
 -0.81461872D-02 -0.32975439D+01  0.56232408D+01  0.46419064D+01
 -0.73650345D-02 -0.32975439D+01  0.36867483D+01  0.46419064D+01
 -0.42887781D-02  0.28911838D+01  0.27969436D+01  0.46419064D+01
 -0.22519478D-01  0.39684249D+01  0.46549945D+01  0.26576940D+01
 -0.23439771D-01 -0.38531096D+01  0.56047008D+01  0.26576940D+01
 -0.21882473D-01 -0.38531096D+01  0.37052883D+01  0.26576940D+01
 -0.23646036D-01  0.34367567D+01  0.46549945D+01  0.67348152D+00
 -0.17496895D-01  0.34367567D+01  0.23130796D+01  0.33591716D+01
 -0.24082659D-01  0.39684249D+01  0.23130796D+01  0.13749592D+01
 -0.24041064D-01 -0.38531096D+01  0.32627859D+01  0.13749592D+01
 -0.25032791D-01 -0.38531096D+01  0.13633734D+01  0.13749592D+01
 -0.23646045D-01  0.34367567D+01  0.46549946D+01 -0.67348124D+00
 -0.22519490D-01  0.39684249D+01  0.46549946D+01 -0.26576937D+01
 -0.23439786D-01 -0.38531096D+01  0.56047008D+01 -0.26576937D+01
 -0.21882480D-01 -0.38531096D+01  0.37052883D+01 -0.26576937D+01
 -0.86476747D-02  0.34367567D+01  0.46549946D+01 -0.46419061D+01
 -0.49288869D-02  0.28911838D+01  0.65130455D+01 -0.46419061D+01
 -0.81461870D-02 -0.32975439D+01  0.56232408D+01 -0.46419061D+01
 -0.73650193D-02 -0.32975439D+01  0.36867483D+01 -0.46419061D+01
 -0.42887482D-02  0.28911838D+01  0.27969436D+01 -0.46419061D+01
 -0.24082660D-01  0.39684249D+01  0.23130796D+01 -0.13749589D+01
 -0.24041069D-01 -0.38531096D+01  0.32627859D+01 -0.13749589D+01
 -0.25032794D-01 -0.38531096D+01  0.13633734D+01 -0.13749589D+01
 -0.17496884D-01  0.34367567D+01  0.23130796D+01 -0.33591714D+01
  0.16282834D-01 -0.32702891D-30  0.93225103D+01  0.78872673D+01
  0.12371241D-01  0.18660653D+01  0.93225103D+01  0.72809459D+01
  0.13658730D-01  0.57664589D+00  0.11097244D+02  0.72809459D+01
  0.12469640D-01 -0.15096785D+01  0.10419356D+02  0.72809459D+01
  0.14682554D-01 -0.15096785D+01  0.82256647D+01  0.72809459D+01
  0.18412642D-01  0.57664589D+00  0.75477768D+01  0.72809459D+01
  0.87310445D-03  0.30193571D+01  0.93225103D+01  0.56935759D+01
  0.37542527D-02  0.23129617D+01  0.11263316D+02  0.56935759D+01
  0.12853371D-01  0.52430585D+00  0.12295997D+02  0.56935759D+01
  0.85144232D-02 -0.15096785D+01  0.11937350D+02  0.56935759D+01
  0.10628918D-02 -0.28372675D+01  0.10355191D+02  0.56935759D+01
  0.28690162D-02 -0.28372675D+01  0.82898294D+01  0.56935759D+01
  0.73571422D-02  0.23129617D+01  0.73817050D+01  0.56935759D+01
  0.18213389D-01 -0.21192980D-30  0.46561510D+01  0.78841416D+01
  0.13895843D-01  0.18660653D+01  0.46561510D+01  0.72778203D+01
  0.18765137D-01  0.57664589D+00  0.64308846D+01  0.72778203D+01
  0.15381076D-01 -0.15096785D+01  0.57529967D+01  0.72778203D+01
  0.15654021D-01 -0.15096785D+01  0.35593054D+01  0.72778203D+01
  0.19256200D-01  0.57664589D+00  0.28814175D+01  0.72778203D+01
  0.14581242D-02  0.30193571D+01  0.46561510D+01  0.56904503D+01
  0.71139776D-02  0.23129617D+01  0.65969563D+01  0.56904503D+01
  0.26033633D-02 -0.28372675D+01  0.56888320D+01  0.56904503D+01
  0.29835964D-02 -0.28372675D+01  0.36234701D+01  0.56904503D+01
  0.75064896D-02  0.23129617D+01  0.27153457D+01  0.56904503D+01
  0.14581216D-02  0.30193571D+01  0.46561492D+01 -0.56904481D+01
  0.71139749D-02  0.23129617D+01  0.65969545D+01 -0.56904481D+01
  0.26033544D-02 -0.28372675D+01  0.56888301D+01 -0.56904481D+01
  0.29836070D-02 -0.28372675D+01  0.36234683D+01 -0.56904481D+01
  0.75065185D-02  0.23129617D+01  0.27153439D+01 -0.56904481D+01
  0.13895842D-01  0.18660653D+01  0.46561492D+01 -0.72778181D+01
  0.18765139D-01  0.57664589D+00  0.64308827D+01 -0.72778181D+01
  0.15381072D-01 -0.15096785D+01  0.57529948D+01 -0.72778181D+01
  0.15654029D-01 -0.15096785D+01  0.35593035D+01 -0.72778181D+01
  0.19256215D-01  0.57664589D+00  0.28814156D+01 -0.72778181D+01
  0.18213388D-01  0.38879350D-15  0.46561492D+01 -0.78841395D+01
  0.87312111D-03  0.30193571D+01  0.93225104D+01 -0.56935756D+01
  0.37542537D-02  0.23129617D+01  0.11263316D+02 -0.56935756D+01
  0.12853344D-01  0.52430585D+00  0.12295997D+02 -0.56935756D+01
  0.85144098D-02 -0.15096785D+01  0.11937350D+02 -0.56935756D+01
  0.10629025D-02 -0.28372675D+01  0.10355191D+02 -0.56935756D+01
  0.28690361D-02 -0.28372675D+01  0.82898294D+01 -0.56935756D+01
  0.73571603D-02  0.23129617D+01  0.73817051D+01 -0.56935756D+01
  0.12371262D-01  0.18660653D+01  0.93225104D+01 -0.72809456D+01
  0.13658741D-01  0.57664589D+00  0.11097244D+02 -0.72809456D+01
  0.12469657D-01 -0.15096785D+01  0.10419356D+02 -0.72809456D+01
  0.14682575D-01 -0.15096785D+01  0.82256647D+01 -0.72809456D+01
  0.18412656D-01  0.57664589D+00  0.75477768D+01 -0.72809456D+01
  0.16282856D-01  0.38879350D-15  0.93225104D+01 -0.78872669D+01
  0.78317066D-02  0.23129617D+01  0.15268152D+02 -0.13722177D+01
  0.14487373D-01  0.52430585D+00  0.16300833D+02 -0.13722177D+01
  0.12250962D-01 -0.15096785D+01  0.15942186D+02 -0.13722177D+01
  0.14382137D-02 -0.28372675D+01  0.14360027D+02 -0.13722177D+01
 -0.32038311D-02  0.30193571D+01  0.13327346D+02 -0.33343149D+01
  0.92464783D-02  0.23129617D+01  0.15268152D+02 -0.33343149D+01
  0.14846551D-01  0.52430585D+00  0.16300833D+02 -0.33343149D+01
  0.12966800D-01 -0.15096785D+01  0.15942186D+02 -0.33343149D+01
  0.37827596D-02 -0.28372675D+01  0.14360027D+02 -0.33343149D+01
  0.71324850D-02  0.18660653D+01  0.13327346D+02 -0.49216848D+01
  0.13707844D-01  0.57664589D+00  0.15102080D+02 -0.49216848D+01
  0.10951126D-01 -0.15096785D+01  0.14424192D+02 -0.49216848D+01
  0.12695975D-01  0.38879350D-15  0.13327346D+02 -0.55280062D+01
  0.12696036D-01 -0.37708828D-30  0.13327346D+02  0.55280066D+01
  0.71325475D-02  0.18660653D+01  0.13327346D+02  0.49216852D+01
  0.13707915D-01  0.57664589D+00  0.15102080D+02  0.49216852D+01
  0.10951195D-01 -0.15096785D+01  0.14424192D+02  0.49216852D+01
 -0.32037762D-02  0.30193571D+01  0.13327346D+02  0.33343153D+01
  0.92465395D-02  0.23129617D+01  0.15268152D+02  0.33343153D+01
  0.14846613D-01  0.52430585D+00  0.16300833D+02  0.33343153D+01
  0.12966862D-01 -0.15096785D+01  0.15942186D+02  0.33343153D+01
  0.37828189D-02 -0.28372675D+01  0.14360027D+02  0.33343153D+01
  0.78317451D-02  0.23129617D+01  0.15268152D+02  0.13722181D+01
  0.14487412D-01  0.52430585D+00  0.16300833D+02  0.13722181D+01
  0.12251001D-01 -0.15096785D+01  0.15942186D+02  0.13722181D+01
  0.14382507D-02 -0.28372675D+01  0.14360027D+02  0.13722181D+01
 -0.87007728D-02  0.34367567D+01  0.00000000D+00  0.46428418D+01
 -0.46321035D-02  0.28911838D+01  0.18580510D+01  0.46428418D+01
 -0.77992732D-02 -0.32975439D+01  0.96824626D+00  0.46428418D+01
 -0.77992732D-02 -0.32975439D+01 -0.96824626D+00  0.46428418D+01
 -0.46321035D-02  0.28911838D+01 -0.18580510D+01  0.46428418D+01
 -0.22697280D-01  0.39684249D+01  0.00000000D+00  0.26586293D+01
 -0.22839327D-01 -0.38531096D+01  0.94970623D+00  0.26586293D+01
 -0.22839327D-01 -0.38531096D+01 -0.94970623D+00  0.26586293D+01
 -0.23865780D-01  0.34367567D+01  0.00000000D+00  0.67441691D+00
 -0.17496895D-01  0.34367567D+01 -0.23130796D+01  0.33591716D+01
 -0.24082659D-01  0.39684249D+01 -0.23130796D+01  0.13749592D+01
 -0.25032791D-01 -0.38531096D+01 -0.13633734D+01  0.13749592D+01
 -0.24041064D-01 -0.38531096D+01 -0.32627859D+01  0.13749592D+01
 -0.23865787D-01  0.34367567D+01  0.00000000D+00 -0.67441668D+00
 -0.22697280D-01  0.39684249D+01  0.00000000D+00 -0.26586291D+01
 -0.22839327D-01 -0.38531096D+01  0.94970623D+00 -0.26586291D+01
 -0.22839327D-01 -0.38531096D+01 -0.94970623D+00 -0.26586291D+01
 -0.87007414D-02  0.34367567D+01  0.00000000D+00 -0.46428415D+01
 -0.46320664D-02  0.28911838D+01  0.18580510D+01 -0.46428415D+01
 -0.77992405D-02 -0.32975439D+01  0.96824626D+00 -0.46428415D+01
 -0.77992405D-02 -0.32975439D+01 -0.96824626D+00 -0.46428415D+01
 -0.46320664D-02  0.28911838D+01 -0.18580510D+01 -0.46428415D+01
 -0.24082660D-01  0.39684249D+01 -0.23130796D+01 -0.13749589D+01
 -0.25032794D-01 -0.38531096D+01 -0.13633734D+01 -0.13749589D+01
 -0.24041069D-01 -0.38531096D+01 -0.32627859D+01 -0.13749589D+01
 -0.17496884D-01  0.34367567D+01 -0.23130796D+01 -0.33591714D+01
  0.18446991D-01 -0.16574923D-23  0.00000000D+00  0.78848994D+01
  0.14071416D-01  0.18660653D+01  0.00000000D+00  0.72785780D+01
  0.19291463D-01  0.57664589D+00  0.17747336D+01  0.72785780D+01
  0.15728009D-01 -0.15096785D+01  0.10968457D+01  0.72785780D+01
  0.15728009D-01 -0.15096785D+01 -0.10968457D+01  0.72785780D+01
  0.19291463D-01  0.57664589D+00 -0.17747336D+01  0.72785780D+01
  0.14944652D-02  0.30193571D+01  0.00000000D+00  0.56912081D+01
  0.74207929D-02  0.23129617D+01  0.19408053D+01  0.56912081D+01
  0.28478517D-02 -0.28372675D+01  0.10326809D+01  0.56912081D+01
  0.28478517D-02 -0.28372675D+01 -0.10326809D+01  0.56912081D+01
  0.74207929D-02  0.23129617D+01 -0.19408053D+01  0.56912081D+01
  0.14944731D-02  0.30193571D+01  0.00000000D+00 -0.56912041D+01
  0.74208168D-02  0.23129617D+01  0.19408053D+01 -0.56912041D+01
  0.28478629D-02 -0.28372675D+01  0.10326809D+01 -0.56912041D+01
  0.28478629D-02 -0.28372675D+01 -0.10326809D+01 -0.56912041D+01
  0.74208168D-02  0.23129617D+01 -0.19408053D+01 -0.56912041D+01
  0.14071421D-01  0.18660653D+01  0.00000000D+00 -0.72785740D+01
  0.19291482D-01  0.57664589D+00  0.17747336D+01 -0.72785740D+01
  0.15728018D-01 -0.15096785D+01  0.10968457D+01 -0.72785740D+01
  0.15728018D-01 -0.15096785D+01 -0.10968457D+01 -0.72785740D+01
  0.19291482D-01  0.57664589D+00 -0.17747336D+01 -0.72785740D+01
  0.18446994D-01  0.38879350D-15  0.00000000D+00 -0.78848954D+01
 -0.86476802D-02  0.34367567D+01 -0.46549945D+01  0.46419064D+01
 -0.42887781D-02  0.28911838D+01 -0.27969436D+01  0.46419064D+01
 -0.73650345D-02 -0.32975439D+01 -0.36867483D+01  0.46419064D+01
 -0.81461872D-02 -0.32975439D+01 -0.56232408D+01  0.46419064D+01
 -0.49288877D-02  0.28911838D+01 -0.65130455D+01  0.46419064D+01
 -0.22519478D-01  0.39684249D+01 -0.46549945D+01  0.26576940D+01
 -0.21882473D-01 -0.38531096D+01 -0.37052883D+01  0.26576940D+01
 -0.23439771D-01 -0.38531096D+01 -0.56047008D+01  0.26576940D+01
 -0.23646036D-01  0.34367567D+01 -0.46549945D+01  0.67348152D+00
 -0.17234341D-01  0.34367567D+01 -0.69377062D+01  0.33577260D+01
 -0.23583118D-01  0.39684249D+01 -0.69377062D+01  0.13735136D+01
 -0.25534268D-01 -0.38531096D+01 -0.59880000D+01  0.13735136D+01
 -0.22599632D-01 -0.38531096D+01 -0.78874124D+01  0.13735136D+01
 -0.23646045D-01  0.34367567D+01 -0.46549946D+01 -0.67348124D+00
 -0.22519490D-01  0.39684249D+01 -0.46549946D+01 -0.26576937D+01
 -0.21882480D-01 -0.38531096D+01 -0.37052883D+01 -0.26576937D+01
 -0.23439786D-01 -0.38531096D+01 -0.56047008D+01 -0.26576937D+01
 -0.86476747D-02  0.34367567D+01 -0.46549946D+01 -0.46419061D+01
 -0.42887482D-02  0.28911838D+01 -0.27969436D+01 -0.46419061D+01
 -0.73650193D-02 -0.32975439D+01 -0.36867483D+01 -0.46419061D+01
 -0.81461870D-02 -0.32975439D+01 -0.56232408D+01 -0.46419061D+01
 -0.49288869D-02  0.28911838D+01 -0.65130455D+01 -0.46419061D+01
 -0.23583126D-01  0.39684249D+01 -0.69377062D+01 -0.13735133D+01
 -0.25534278D-01 -0.38531096D+01 -0.59880000D+01 -0.13735133D+01
 -0.22599643D-01 -0.38531096D+01 -0.78874125D+01 -0.13735133D+01
 -0.17234354D-01  0.34367567D+01 -0.69377062D+01 -0.33577257D+01
  0.18213389D-01 -0.57021405D-15 -0.46561510D+01  0.78841416D+01
  0.13895843D-01  0.18660653D+01 -0.46561510D+01  0.72778203D+01
  0.19256200D-01  0.57664589D+00 -0.28814175D+01  0.72778203D+01
  0.15654021D-01 -0.15096785D+01 -0.35593054D+01  0.72778203D+01
  0.15381076D-01 -0.15096785D+01 -0.57529967D+01  0.72778203D+01
  0.18765137D-01  0.57664589D+00 -0.64308846D+01  0.72778203D+01
  0.14581242D-02  0.30193571D+01 -0.46561510D+01  0.56904503D+01
  0.75064896D-02  0.23129617D+01 -0.27153457D+01  0.56904503D+01
  0.29835964D-02 -0.28372675D+01 -0.36234701D+01  0.56904503D+01
  0.26033633D-02 -0.28372675D+01 -0.56888320D+01  0.56904503D+01
  0.71139776D-02  0.23129617D+01 -0.65969563D+01  0.56904503D+01
  0.14581216D-02  0.30193571D+01 -0.46561492D+01 -0.56904481D+01
  0.75065185D-02  0.23129617D+01 -0.27153439D+01 -0.56904481D+01
  0.29836070D-02 -0.28372675D+01 -0.36234683D+01 -0.56904481D+01
  0.26033544D-02 -0.28372675D+01 -0.56888301D+01 -0.56904481D+01
  0.71139749D-02  0.23129617D+01 -0.65969545D+01 -0.56904481D+01
  0.13895842D-01  0.18660653D+01 -0.46561492D+01 -0.72778181D+01
  0.19256215D-01  0.57664589D+00 -0.28814156D+01 -0.72778181D+01
  0.15654029D-01 -0.15096785D+01 -0.35593035D+01 -0.72778181D+01
  0.15381072D-01 -0.15096785D+01 -0.57529948D+01 -0.72778181D+01
  0.18765139D-01  0.57664589D+00 -0.64308827D+01 -0.72778181D+01
  0.18213388D-01 -0.18142032D-15 -0.46561492D+01 -0.78841395D+01
 -0.86374170D-02  0.34367567D+01 -0.93231396D+01  0.46463321D+01
 -0.37501618D-02  0.28911838D+01 -0.74650886D+01  0.46463321D+01
 -0.67231850D-02 -0.32975439D+01 -0.83548934D+01  0.46463321D+01
 -0.91236817D-02 -0.32975439D+01 -0.10291386D+02  0.46463321D+01
 -0.96102812D-03 -0.22505970D+01 -0.11920467D+02  0.46463321D+01
 -0.69832930D-02  0.28911838D+01 -0.11181191D+02  0.46463321D+01
 -0.22087316D-01  0.39684249D+01 -0.93231396D+01  0.26621197D+01
 -0.20422091D-01 -0.38531096D+01 -0.83734334D+01  0.26621197D+01
 -0.24188792D-01 -0.38531096D+01 -0.10272846D+02  0.26621197D+01
 -0.24181375D-01  0.34367567D+01 -0.93231396D+01  0.67790729D+00
 -0.17499859D-01  0.34367567D+01 -0.11539342D+02  0.33373453D+01
 -0.10412510D-01 -0.32975439D+01 -0.12507589D+02  0.33373453D+01
 -0.21582004D-01  0.39684249D+01 -0.11539342D+02  0.13531329D+01
 -0.26391986D-01 -0.38531096D+01 -0.10589636D+02  0.13531329D+01
 -0.15196636D-01 -0.38531096D+01 -0.12489049D+02  0.13531329D+01
 -0.47269677D-03 -0.29704087D+01 -0.14170895D+02  0.13531329D+01
 -0.81533310D-02  0.35138657D+01 -0.13383561D+02  0.13531329D+01
 -0.24181388D-01  0.34367567D+01 -0.93231396D+01 -0.67790885D+00
 -0.22087326D-01  0.39684249D+01 -0.93231396D+01 -0.26621213D+01
 -0.20422101D-01 -0.38531096D+01 -0.83734334D+01 -0.26621213D+01
 -0.24188798D-01 -0.38531096D+01 -0.10272846D+02 -0.26621213D+01
 -0.86373987D-02  0.34367567D+01 -0.93231396D+01 -0.46463337D+01
 -0.37501412D-02  0.28911838D+01 -0.74650887D+01 -0.46463337D+01
 -0.67231652D-02 -0.32975439D+01 -0.83548934D+01 -0.46463337D+01
 -0.91236661D-02 -0.32975439D+01 -0.10291386D+02 -0.46463337D+01
 -0.96104729D-03 -0.22505970D+01 -0.11920467D+02 -0.46463337D+01
 -0.69832865D-02  0.28911838D+01 -0.11181191D+02 -0.46463337D+01
 -0.21582018D-01  0.39684249D+01 -0.11539341D+02 -0.13531325D+01
 -0.26391992D-01 -0.38531096D+01 -0.10589634D+02 -0.13531325D+01
 -0.15196660D-01 -0.38531096D+01 -0.12489047D+02 -0.13531325D+01
 -0.47274092D-03 -0.29704087D+01 -0.14170893D+02 -0.13531325D+01
 -0.81533658D-02  0.35138657D+01 -0.13383560D+02 -0.13531325D+01
 -0.17499894D-01  0.34367567D+01 -0.11539341D+02 -0.33373450D+01
 -0.10412562D-01 -0.32975439D+01 -0.12507587D+02 -0.33373450D+01
  0.16282834D-01 -0.11416782D-14 -0.93225103D+01  0.78872673D+01
  0.12371241D-01  0.18660653D+01 -0.93225103D+01  0.72809459D+01
  0.18412642D-01  0.57664589D+00 -0.75477768D+01  0.72809459D+01
  0.14682554D-01 -0.15096785D+01 -0.82256647D+01  0.72809459D+01
  0.12469640D-01 -0.15096785D+01 -0.10419356D+02  0.72809459D+01
  0.13658730D-01  0.57664589D+00 -0.11097244D+02  0.72809459D+01
  0.87310445D-03  0.30193571D+01 -0.93225103D+01  0.56935759D+01
  0.73571422D-02  0.23129617D+01 -0.73817050D+01  0.56935759D+01
  0.28690162D-02 -0.28372675D+01 -0.82898294D+01  0.56935759D+01
  0.10628918D-02 -0.28372675D+01 -0.10355191D+02  0.56935759D+01
  0.85144232D-02 -0.15096785D+01 -0.11937350D+02  0.56935759D+01
  0.12853371D-01  0.52430585D+00 -0.12295997D+02  0.56935759D+01
  0.37542527D-02  0.23129617D+01 -0.11263316D+02  0.56935759D+01
  0.12696036D-01 -0.16321292D-14 -0.13327346D+02  0.55280066D+01
  0.71325475D-02  0.18660653D+01 -0.13327346D+02  0.49216852D+01
  0.10951195D-01 -0.15096785D+01 -0.14424192D+02  0.49216852D+01
  0.13707915D-01  0.57664589D+00 -0.15102080D+02  0.49216852D+01
 -0.32037762D-02  0.30193571D+01 -0.13327346D+02  0.33343153D+01
  0.37828189D-02 -0.28372675D+01 -0.14360027D+02  0.33343153D+01
  0.12966862D-01 -0.15096785D+01 -0.15942186D+02  0.33343153D+01
  0.14846613D-01  0.52430585D+00 -0.16300833D+02  0.33343153D+01
  0.92465395D-02  0.23129617D+01 -0.15268152D+02  0.33343153D+01
  0.14382507D-02 -0.28372675D+01 -0.14360027D+02  0.13722181D+01
  0.12251001D-01 -0.15096785D+01 -0.15942186D+02  0.13722181D+01
  0.14487412D-01  0.52430585D+00 -0.16300833D+02  0.13722181D+01
  0.78317451D-02  0.23129617D+01 -0.15268152D+02  0.13722181D+01
  0.14382137D-02 -0.28372675D+01 -0.14360027D+02 -0.13722177D+01
  0.12250962D-01 -0.15096785D+01 -0.15942186D+02 -0.13722177D+01
  0.14487373D-01  0.52430585D+00 -0.16300833D+02 -0.13722177D+01
  0.78317066D-02  0.23129617D+01 -0.15268152D+02 -0.13722177D+01
 -0.32038311D-02  0.30193571D+01 -0.13327346D+02 -0.33343149D+01
  0.37827596D-02 -0.28372675D+01 -0.14360027D+02 -0.33343149D+01
  0.12966800D-01 -0.15096785D+01 -0.15942186D+02 -0.33343149D+01
  0.14846551D-01  0.52430585D+00 -0.16300833D+02 -0.33343149D+01
  0.92464783D-02  0.23129617D+01 -0.15268152D+02 -0.33343149D+01
  0.71324850D-02  0.18660653D+01 -0.13327346D+02 -0.49216848D+01
  0.10951126D-01 -0.15096785D+01 -0.14424192D+02 -0.49216848D+01
  0.13707844D-01  0.57664589D+00 -0.15102080D+02 -0.49216848D+01
  0.12695975D-01 -0.12433357D-14 -0.13327346D+02 -0.55280062D+01
  0.87312111D-03  0.30193571D+01 -0.93225104D+01 -0.56935756D+01
  0.73571603D-02  0.23129617D+01 -0.73817051D+01 -0.56935756D+01
  0.28690361D-02 -0.28372675D+01 -0.82898294D+01 -0.56935756D+01
  0.10629025D-02 -0.28372675D+01 -0.10355191D+02 -0.56935756D+01
  0.85144098D-02 -0.15096785D+01 -0.11937350D+02 -0.56935756D+01
  0.12853344D-01  0.52430585D+00 -0.12295997D+02 -0.56935756D+01
  0.37542537D-02  0.23129617D+01 -0.11263316D+02 -0.56935756D+01
  0.12371262D-01  0.18660653D+01 -0.93225104D+01 -0.72809456D+01
  0.18412656D-01  0.57664589D+00 -0.75477768D+01 -0.72809456D+01
  0.14682575D-01 -0.15096785D+01 -0.82256647D+01 -0.72809456D+01
  0.12469657D-01 -0.15096785D+01 -0.10419356D+02 -0.72809456D+01
  0.13658741D-01  0.57664589D+00 -0.11097244D+02 -0.72809456D+01
  0.16282856D-01 -0.75288475D-15 -0.93225104D+01 -0.78872669D+01
 -0.20004027D-01  0.44216322D+01  0.69377062D+01  0.23827223D+01
 -0.20004027D-01 -0.44216322D+01  0.69377062D+01  0.23827223D+01
 -0.22093123D-01  0.44216322D+01  0.69377062D+01  0.36430488D+00
 -0.22477448D-01  0.39837529D+01  0.88561805D+01  0.36430488D+00
 -0.22477448D-01 -0.39837529D+01  0.88561805D+01  0.36430488D+00
 -0.22093123D-01 -0.44216322D+01  0.69377062D+01  0.36430488D+00
 -0.23700716D-01 -0.39837529D+01  0.50192319D+01  0.36430488D+00
 -0.23700716D-01  0.39837529D+01  0.50192319D+01  0.36430488D+00
 -0.22093124D-01  0.44216322D+01  0.69377062D+01 -0.36430457D+00
 -0.22477451D-01  0.39837529D+01  0.88561805D+01 -0.36430457D+00
 -0.22477451D-01 -0.39837529D+01  0.88561805D+01 -0.36430457D+00
 -0.22093124D-01 -0.44216322D+01  0.69377062D+01 -0.36430457D+00
 -0.23700719D-01 -0.39837529D+01  0.50192319D+01 -0.36430457D+00
 -0.23700719D-01  0.39837529D+01  0.50192319D+01 -0.36430457D+00
 -0.20004036D-01  0.44216322D+01  0.69377062D+01 -0.23827220D+01
 -0.20004036D-01 -0.44216322D+01  0.69377062D+01 -0.23827220D+01
 -0.30771357D-02  0.35458737D+01  0.93231396D+01  0.54898596D+01
 -0.11841952D-02  0.29829788D+01  0.11240184D+02  0.54898596D+01
  0.26035258D-02 -0.23220535D+01  0.12002932D+02  0.54898596D+01
 -0.29871355D-02 -0.34022409D+01  0.10322128D+02  0.54898596D+01
 -0.18632446D-02 -0.34022409D+01  0.83241516D+01  0.54898596D+01
  0.64526958D-03  0.29829788D+01  0.74060956D+01  0.54898596D+01
 -0.14637638D-01  0.44216322D+01  0.93231396D+01  0.36713284D+01
 -0.14405318D-01  0.39837529D+01  0.11241614D+02  0.36713284D+01
 -0.14405318D-01 -0.39837529D+01  0.11241614D+02  0.36713284D+01
 -0.14637638D-01 -0.44216322D+01  0.93231396D+01  0.36713284D+01
 -0.14465994D-01 -0.39837529D+01  0.74046653D+01  0.36713284D+01
 -0.14465994D-01  0.39837529D+01  0.74046653D+01  0.36713284D+01
 -0.21851025D-01  0.44216322D+01  0.93231396D+01  0.16529110D+01
 -0.21851025D-01 -0.44216322D+01  0.93231396D+01  0.16529110D+01
 -0.21851034D-01  0.44216322D+01  0.93231396D+01 -0.16529126D+01
 -0.21851034D-01 -0.44216322D+01  0.93231396D+01 -0.16529126D+01
 -0.14637637D-01  0.44216322D+01  0.93231396D+01 -0.36713300D+01
 -0.14405321D-01  0.39837529D+01  0.11241614D+02 -0.36713300D+01
 -0.14405321D-01 -0.39837529D+01  0.11241614D+02 -0.36713300D+01
 -0.14637637D-01 -0.44216322D+01  0.93231396D+01 -0.36713300D+01
 -0.14465990D-01 -0.39837529D+01  0.74046653D+01 -0.36713300D+01
 -0.14465990D-01  0.39837529D+01  0.74046653D+01 -0.36713300D+01
 -0.30771167D-02  0.35458737D+01  0.93231396D+01 -0.54898612D+01
 -0.11841894D-02  0.29829788D+01  0.11240184D+02 -0.54898612D+01
  0.26035144D-02 -0.23220535D+01  0.12002932D+02 -0.54898612D+01
 -0.29871207D-02 -0.34022409D+01  0.10322128D+02 -0.54898612D+01
 -0.18632236D-02 -0.34022409D+01  0.83241516D+01 -0.54898612D+01
  0.64529050D-03  0.29829788D+01  0.74060956D+01 -0.54898612D+01
 -0.58699657D-02 -0.34022409D+01  0.12538330D+02  0.41808728D+01
 -0.17164399D-01  0.44216322D+01  0.11539342D+02  0.23623416D+01
 -0.69840447D-02  0.39837529D+01  0.13457817D+02  0.23623416D+01
 -0.69840447D-02 -0.39837529D+01  0.13457817D+02  0.23623416D+01
 -0.17164399D-01 -0.44216322D+01  0.11539342D+02  0.23623416D+01
 -0.18914426D-01  0.44216322D+01  0.11539342D+02  0.34392421D+00
 -0.84573205D-02  0.39837529D+01  0.13457817D+02  0.34392421D+00
  0.34995686D-02  0.27568426D+01  0.14996314D+02  0.34392421D+00
  0.34995686D-02 -0.27568426D+01  0.14996314D+02  0.34392421D+00
 -0.84573205D-02 -0.39837529D+01  0.13457817D+02  0.34392421D+00
 -0.18914426D-01 -0.44216322D+01  0.11539342D+02  0.34392421D+00
 -0.23789904D-01 -0.39837529D+01  0.96208681D+01  0.34392421D+00
 -0.23789904D-01  0.39837529D+01  0.96208681D+01  0.34392421D+00
 -0.18914435D-01  0.44216322D+01  0.11539341D+02 -0.34392385D+00
 -0.84573363D-02  0.39837529D+01  0.13457815D+02 -0.34392385D+00
  0.34995548D-02  0.27568426D+01  0.14996312D+02 -0.34392385D+00
  0.34995548D-02 -0.27568426D+01  0.14996312D+02 -0.34392385D+00
 -0.84573363D-02 -0.39837529D+01  0.13457815D+02 -0.34392385D+00
 -0.18914435D-01 -0.44216322D+01  0.11539341D+02 -0.34392385D+00
 -0.23789903D-01 -0.39837529D+01  0.96208662D+01 -0.34392385D+00
 -0.23789903D-01  0.39837529D+01  0.96208662D+01 -0.34392385D+00
 -0.17164419D-01  0.44216322D+01  0.11539341D+02 -0.23623412D+01
 -0.69840820D-02  0.39837529D+01  0.13457815D+02 -0.23623412D+01
 -0.69840820D-02 -0.39837529D+01  0.13457815D+02 -0.23623412D+01
 -0.17164419D-01 -0.44216322D+01  0.11539341D+02 -0.23623412D+01
 -0.58700076D-02 -0.34022409D+01  0.12538329D+02 -0.41808725D+01
 -0.28603823D-02  0.35458737D+01  0.46549945D+01  0.54854339D+01
  0.33185512D-03  0.29829788D+01  0.65720386D+01  0.54854339D+01
 -0.22405598D-02 -0.34022409D+01  0.56539826D+01  0.54854339D+01
 -0.19490799D-02 -0.34022409D+01  0.36560065D+01  0.54854339D+01
  0.59577741D-03  0.29829788D+01  0.27379505D+01  0.54854339D+01
 -0.15301896D-01  0.44216322D+01  0.46549945D+01  0.36669026D+01
 -0.15392814D-01  0.39837529D+01  0.65734688D+01  0.36669026D+01
 -0.15392814D-01 -0.39837529D+01  0.65734688D+01  0.36669026D+01
 -0.15301896D-01 -0.44216322D+01  0.46549945D+01  0.36669026D+01
 -0.15188661D-01 -0.39837529D+01  0.27365202D+01  0.36669026D+01
 -0.15188661D-01  0.39837529D+01  0.27365202D+01  0.36669026D+01
 -0.22500914D-01  0.44216322D+01  0.46549945D+01  0.16484853D+01
 -0.22500914D-01 -0.44216322D+01  0.46549945D+01  0.16484853D+01
 -0.20478538D-01  0.44216322D+01  0.23130796D+01  0.23841679D+01
 -0.20478538D-01 -0.44216322D+01  0.23130796D+01  0.23841679D+01
 -0.22682286D-01  0.44216322D+01  0.23130796D+01  0.36575049D+00
 -0.23159436D-01  0.39837529D+01  0.42315539D+01  0.36575049D+00
 -0.23159436D-01 -0.39837529D+01  0.42315539D+01  0.36575049D+00
 -0.22682286D-01 -0.44216322D+01  0.23130796D+01  0.36575049D+00
 -0.23708065D-01 -0.39837529D+01  0.39460532D+00  0.36575049D+00
 -0.23708065D-01  0.39837529D+01  0.39460532D+00  0.36575049D+00
 -0.22500922D-01  0.44216322D+01  0.46549946D+01 -0.16484850D+01
 -0.22500922D-01 -0.44216322D+01  0.46549946D+01 -0.16484850D+01
 -0.15301899D-01  0.44216322D+01  0.46549946D+01 -0.36669024D+01
 -0.15392822D-01  0.39837529D+01  0.65734689D+01 -0.36669024D+01
 -0.15392822D-01 -0.39837529D+01  0.65734689D+01 -0.36669024D+01
 -0.15301899D-01 -0.44216322D+01  0.46549946D+01 -0.36669024D+01
 -0.15188653D-01 -0.39837529D+01  0.27365202D+01 -0.36669024D+01
 -0.15188653D-01  0.39837529D+01  0.27365202D+01 -0.36669024D+01
 -0.28603749D-02  0.35458737D+01  0.46549946D+01 -0.54854336D+01
  0.33185987D-03  0.29829788D+01  0.65720386D+01 -0.54854336D+01
 -0.22405567D-02 -0.34022409D+01  0.56539826D+01 -0.54854336D+01
 -0.19490643D-02 -0.34022409D+01  0.36560065D+01 -0.54854336D+01
  0.59580487D-03  0.29829788D+01  0.27379505D+01 -0.54854336D+01
 -0.22682286D-01  0.44216322D+01  0.23130796D+01 -0.36575024D+00
 -0.23159439D-01  0.39837529D+01  0.42315539D+01 -0.36575024D+00
 -0.23159439D-01 -0.39837529D+01  0.42315539D+01 -0.36575024D+00
 -0.22682286D-01 -0.44216322D+01  0.23130796D+01 -0.36575024D+00
 -0.23708067D-01 -0.39837529D+01  0.39460533D+00 -0.36575024D+00
 -0.23708067D-01  0.39837529D+01  0.39460533D+00 -0.36575024D+00
 -0.20478537D-01  0.44216322D+01  0.23130796D+01 -0.23841676D+01
 -0.20478537D-01 -0.44216322D+01  0.23130796D+01 -0.23841676D+01
  0.12786872D-01 -0.32702891D-30  0.93225103D+01  0.83408015D+01
  0.10426807D-01  0.18141371D+01  0.93225103D+01  0.78547050D+01
  0.10798538D-01  0.90706854D+00  0.10893599D+02  0.78547050D+01
  0.10798538D-01 -0.90706854D+00  0.10893599D+02  0.78547050D+01
  0.10426807D-01 -0.18141371D+01  0.93225103D+01  0.78547050D+01
  0.14030973D-01 -0.90706854D+00  0.77514215D+01  0.78547050D+01
  0.14030973D-01  0.90706854D+00  0.77514215D+01  0.78547050D+01
  0.33377357D-02  0.31421776D+01  0.93225103D+01  0.65266644D+01
  0.47843677D-02  0.25420751D+01  0.11169436D+02  0.65266644D+01
  0.94422390D-02  0.97098628D+00  0.12310899D+02  0.65266644D+01
  0.94422390D-02 -0.97098628D+00  0.12310899D+02  0.65266644D+01
  0.47843677D-02 -0.25420751D+01  0.11169436D+02  0.65266644D+01
  0.33377357D-02 -0.31421776D+01  0.93225103D+01  0.65266644D+01
  0.72955149D-02 -0.25420751D+01  0.74755847D+01  0.65266644D+01
  0.72955149D-02  0.25420751D+01  0.74755847D+01  0.65266644D+01
  0.14594812D-01 -0.21192980D-30  0.46561510D+01  0.83376759D+01
  0.11931568D-01  0.18141371D+01  0.46561510D+01  0.78515793D+01
  0.14515686D-01  0.90706854D+00  0.62272398D+01  0.78515793D+01
  0.14515686D-01 -0.90706854D+00  0.62272398D+01  0.78515793D+01
  0.11931568D-01 -0.18141371D+01  0.46561510D+01  0.78515793D+01
  0.14927181D-01 -0.90706854D+00  0.30850622D+01  0.78515793D+01
  0.14927181D-01  0.90706854D+00  0.30850622D+01  0.78515793D+01
  0.40720961D-02  0.31421776D+01  0.46561510D+01  0.65235388D+01
  0.73499631D-02  0.25420751D+01  0.65030767D+01  0.65235388D+01
  0.73499631D-02 -0.25420751D+01  0.65030767D+01  0.65235388D+01
  0.40720961D-02 -0.31421776D+01  0.46561510D+01  0.65235388D+01
  0.76615633D-02 -0.25420751D+01  0.28092254D+01  0.65235388D+01
  0.76615633D-02  0.25420751D+01  0.28092254D+01  0.65235388D+01
  0.40720956D-02  0.31421776D+01  0.46561492D+01 -0.65235366D+01
  0.73499632D-02  0.25420751D+01  0.65030748D+01 -0.65235366D+01
  0.73499632D-02 -0.25420751D+01  0.65030748D+01 -0.65235366D+01
  0.40720956D-02 -0.31421776D+01  0.46561492D+01 -0.65235366D+01
  0.76615787D-02 -0.25420751D+01  0.28092235D+01 -0.65235366D+01
  0.76615787D-02  0.25420751D+01  0.28092235D+01 -0.65235366D+01
  0.11931569D-01  0.18141371D+01  0.46561492D+01 -0.78515772D+01
  0.14515688D-01  0.90706854D+00  0.62272380D+01 -0.78515772D+01
  0.14515688D-01 -0.90706854D+00  0.62272380D+01 -0.78515772D+01
  0.11931569D-01 -0.18141371D+01  0.46561492D+01 -0.78515772D+01
  0.14927189D-01 -0.90706854D+00  0.30850604D+01 -0.78515772D+01
  0.14927189D-01  0.90706854D+00  0.30850604D+01 -0.78515772D+01
  0.14594813D-01  0.44433543D-15  0.46561492D+01 -0.83376737D+01
  0.33377483D-02  0.31421776D+01  0.93225104D+01 -0.65266641D+01
  0.47843702D-02  0.25420751D+01  0.11169436D+02 -0.65266641D+01
  0.94422255D-02  0.97098628D+00  0.12310899D+02 -0.65266641D+01
  0.94422255D-02 -0.97098628D+00  0.12310899D+02 -0.65266641D+01
  0.47843702D-02 -0.25420751D+01  0.11169436D+02 -0.65266641D+01
  0.33377483D-02 -0.31421776D+01  0.93225104D+01 -0.65266641D+01
  0.72955278D-02 -0.25420751D+01  0.74755847D+01 -0.65266641D+01
  0.72955278D-02  0.25420751D+01  0.74755847D+01 -0.65266641D+01
  0.10426823D-01  0.18141371D+01  0.93225104D+01 -0.78547046D+01
  0.10798547D-01  0.90706854D+00  0.10893599D+02 -0.78547046D+01
  0.10798547D-01 -0.90706854D+00  0.10893599D+02 -0.78547046D+01
  0.10426823D-01 -0.18141371D+01  0.93225104D+01 -0.78547046D+01
  0.14030985D-01 -0.90706854D+00  0.77514216D+01 -0.78547046D+01
  0.14030985D-01  0.90706854D+00  0.77514216D+01 -0.78547046D+01
  0.12786888D-01  0.44433543D-15  0.93225104D+01 -0.83408012D+01
  0.11723314D-01  0.97098628D+00  0.16315735D+02 -0.53912923D+00
  0.11723314D-01 -0.97098628D+00  0.16315735D+02 -0.53912923D+00
  0.32993620D-02  0.31421776D+01  0.15141484D+02 -0.23532663D+01
  0.95833822D-02  0.18141371D+01  0.16469524D+02 -0.23532663D+01
  0.11656635D-01  0.22216772D-15  0.16955621D+02 -0.23532663D+01
  0.95833822D-02 -0.18141371D+01  0.16469524D+02 -0.23532663D+01
  0.32993620D-02 -0.31421776D+01  0.15141484D+02 -0.23532663D+01
 -0.13254772D-02  0.31421776D+01  0.13327346D+02 -0.41674034D+01
  0.66544174D-02  0.25420751D+01  0.15174272D+02 -0.41674034D+01
  0.10952738D-01  0.97098628D+00  0.16315735D+02 -0.41674034D+01
  0.10952738D-01 -0.97098628D+00  0.16315735D+02 -0.41674034D+01
  0.66544174D-02 -0.25420751D+01  0.15174272D+02 -0.41674034D+01
 -0.13254772D-02 -0.31421776D+01  0.13327346D+02 -0.41674034D+01
  0.66696612D-02  0.18141371D+01  0.13327346D+02 -0.54954439D+01
  0.99991573D-02  0.90706854D+00  0.14898435D+02 -0.54954439D+01
  0.99991573D-02 -0.90706854D+00  0.14898435D+02 -0.54954439D+01
  0.66696612D-02 -0.18141371D+01  0.13327346D+02 -0.54954439D+01
  0.10452913D-01  0.44433543D-15  0.13327346D+02 -0.59815405D+01
  0.10452957D-01 -0.37708828D-30  0.13327346D+02  0.59815408D+01
  0.66697076D-02  0.18141371D+01  0.13327346D+02  0.54954443D+01
  0.99992132D-02  0.90706854D+00  0.14898435D+02  0.54954443D+01
  0.99992132D-02 -0.90706854D+00  0.14898435D+02  0.54954443D+01
  0.66697076D-02 -0.18141371D+01  0.13327346D+02  0.54954443D+01
 -0.13254320D-02  0.31421776D+01  0.13327346D+02  0.41674038D+01
  0.66544691D-02  0.25420751D+01  0.15174272D+02  0.41674038D+01
  0.10952792D-01  0.97098628D+00  0.16315735D+02  0.41674038D+01
  0.10952792D-01 -0.97098628D+00  0.16315735D+02  0.41674038D+01
  0.66544691D-02 -0.25420751D+01  0.15174272D+02  0.41674038D+01
 -0.13254320D-02 -0.31421776D+01  0.13327346D+02  0.41674038D+01
  0.32994009D-02  0.31421776D+01  0.15141484D+02  0.23532667D+01
  0.95834229D-02  0.18141371D+01  0.16469524D+02  0.23532667D+01
  0.11656676D-01  0.22216772D-15  0.16955621D+02  0.23532667D+01
  0.95834229D-02 -0.18141371D+01  0.16469524D+02  0.23532667D+01
  0.32994009D-02 -0.31421776D+01  0.15141484D+02  0.23532667D+01
  0.11723329D-01  0.97098628D+00  0.16315735D+02  0.53912960D+00
  0.11723329D-01 -0.97098628D+00  0.16315735D+02  0.53912960D+00
 -0.28694246D-02  0.35458737D+01  0.00000000D+00  0.54863693D+01
  0.50064285D-03  0.29829788D+01  0.19170441D+01  0.54863693D+01
 -0.20926150D-02 -0.34022409D+01  0.99898807D+00  0.54863693D+01
 -0.20926150D-02 -0.34022409D+01 -0.99898807D+00  0.54863693D+01
  0.50064285D-03  0.29829788D+01 -0.19170441D+01  0.54863693D+01
 -0.15460398D-01  0.44216322D+01  0.00000000D+00  0.36678380D+01
 -0.15454645D-01  0.39837529D+01  0.19184743D+01  0.36678380D+01
 -0.15454645D-01 -0.39837529D+01  0.19184743D+01  0.36678380D+01
 -0.15460398D-01 -0.44216322D+01  0.54149377D-15  0.36678380D+01
 -0.15454645D-01 -0.39837529D+01 -0.19184743D+01  0.36678380D+01
 -0.15454645D-01  0.39837529D+01 -0.19184743D+01  0.36678380D+01
 -0.22740209D-01  0.44216322D+01  0.00000000D+00  0.16494207D+01
 -0.22740209D-01 -0.44216322D+01  0.54149377D-15  0.16494207D+01
 -0.20478538D-01  0.44216322D+01 -0.23130796D+01  0.23841679D+01
 -0.20478538D-01 -0.44216322D+01 -0.23130796D+01  0.23841679D+01
 -0.22682286D-01  0.44216322D+01 -0.23130796D+01  0.36575049D+00
 -0.23708065D-01  0.39837529D+01 -0.39460532D+00  0.36575049D+00
 -0.23708065D-01 -0.39837529D+01 -0.39460532D+00  0.36575049D+00
 -0.22682286D-01 -0.44216322D+01 -0.23130796D+01  0.36575049D+00
 -0.23159436D-01 -0.39837529D+01 -0.42315539D+01  0.36575049D+00
 -0.23159436D-01  0.39837529D+01 -0.42315539D+01  0.36575049D+00
 -0.22740211D-01  0.44216322D+01  0.00000000D+00 -0.16494204D+01
 -0.22740211D-01 -0.44216322D+01  0.54149377D-15 -0.16494204D+01
 -0.15460388D-01  0.44216322D+01  0.00000000D+00 -0.36678378D+01
 -0.15454634D-01  0.39837529D+01  0.19184743D+01 -0.36678378D+01
 -0.15454634D-01 -0.39837529D+01  0.19184743D+01 -0.36678378D+01
 -0.15460388D-01 -0.44216322D+01  0.54149377D-15 -0.36678378D+01
 -0.15454634D-01 -0.39837529D+01 -0.19184743D+01 -0.36678378D+01
 -0.15454634D-01  0.39837529D+01 -0.19184743D+01 -0.36678378D+01
 -0.28693979D-02  0.35458737D+01  0.00000000D+00 -0.54863690D+01
  0.50067421D-03  0.29829788D+01  0.19170441D+01 -0.54863690D+01
 -0.20925873D-02 -0.34022409D+01  0.99898807D+00 -0.54863690D+01
 -0.20925873D-02 -0.34022409D+01 -0.99898807D+00 -0.54863690D+01
  0.50067421D-03  0.29829788D+01 -0.19170441D+01 -0.54863690D+01
 -0.22682286D-01  0.44216322D+01 -0.23130796D+01 -0.36575024D+00
 -0.23708067D-01  0.39837529D+01 -0.39460533D+00 -0.36575024D+00
 -0.23708067D-01 -0.39837529D+01 -0.39460533D+00 -0.36575024D+00
 -0.22682286D-01 -0.44216322D+01 -0.23130796D+01 -0.36575024D+00
 -0.23159439D-01 -0.39837529D+01 -0.42315539D+01 -0.36575024D+00
 -0.23159439D-01  0.39837529D+01 -0.42315539D+01 -0.36575024D+00
 -0.20478537D-01  0.44216322D+01 -0.23130796D+01 -0.23841676D+01
 -0.20478537D-01 -0.44216322D+01 -0.23130796D+01 -0.23841676D+01
  0.14828091D-01 -0.16574923D-23  0.00000000D+00  0.83384336D+01
  0.12119612D-01  0.18141371D+01  0.00000000D+00  0.78523371D+01
  0.14983878D-01  0.90706854D+00  0.15710888D+01  0.78523371D+01
  0.14983878D-01 -0.90706854D+00  0.15710888D+01  0.78523371D+01
  0.12119612D-01 -0.18141371D+01  0.22216772D-15  0.78523371D+01
  0.14983878D-01 -0.90706854D+00 -0.15710888D+01  0.78523371D+01
  0.14983878D-01  0.90706854D+00 -0.15710888D+01  0.78523371D+01
  0.41433072D-02  0.31421776D+01  0.00000000D+00  0.65242966D+01
  0.76484057D-02  0.25420751D+01  0.18469256D+01  0.65242966D+01
  0.76484057D-02 -0.25420751D+01  0.18469256D+01  0.65242966D+01
  0.41433072D-02 -0.31421776D+01  0.38480577D-15  0.65242966D+01
  0.76484057D-02 -0.25420751D+01 -0.18469256D+01  0.65242966D+01
  0.76484057D-02  0.25420751D+01 -0.18469256D+01  0.65242966D+01
  0.41433129D-02  0.31421776D+01  0.00000000D+00 -0.65242926D+01
  0.76484188D-02  0.25420751D+01  0.18469256D+01 -0.65242926D+01
  0.76484188D-02 -0.25420751D+01  0.18469256D+01 -0.65242926D+01
  0.41433129D-02 -0.31421776D+01  0.38480577D-15 -0.65242926D+01
  0.76484188D-02 -0.25420751D+01 -0.18469256D+01 -0.65242926D+01
  0.76484188D-02  0.25420751D+01 -0.18469256D+01 -0.65242926D+01
  0.12119618D-01  0.18141371D+01  0.00000000D+00 -0.78523331D+01
  0.14983890D-01  0.90706854D+00  0.15710888D+01 -0.78523331D+01
  0.14983890D-01 -0.90706854D+00  0.15710888D+01 -0.78523331D+01
  0.12119618D-01 -0.18141371D+01  0.22216772D-15 -0.78523331D+01
  0.14983890D-01 -0.90706854D+00 -0.15710888D+01 -0.78523331D+01
  0.14983890D-01  0.90706854D+00 -0.15710888D+01 -0.78523331D+01
  0.14828096D-01  0.44433543D-15  0.00000000D+00 -0.83384296D+01
 -0.28603823D-02  0.35458737D+01 -0.46549945D+01  0.54854339D+01
  0.59577741D-03  0.29829788D+01 -0.27379505D+01  0.54854339D+01
 -0.19490799D-02 -0.34022409D+01 -0.36560065D+01  0.54854339D+01
 -0.22405598D-02 -0.34022409D+01 -0.56539826D+01  0.54854339D+01
  0.33185512D-03  0.29829788D+01 -0.65720386D+01  0.54854339D+01
 -0.15301896D-01  0.44216322D+01 -0.46549945D+01  0.36669026D+01
 -0.15188661D-01  0.39837529D+01 -0.27365202D+01  0.36669026D+01
 -0.15188661D-01 -0.39837529D+01 -0.27365202D+01  0.36669026D+01
 -0.15301896D-01 -0.44216322D+01 -0.46549945D+01  0.36669026D+01
 -0.15392814D-01 -0.39837529D+01 -0.65734688D+01  0.36669026D+01
 -0.15392814D-01  0.39837529D+01 -0.65734688D+01  0.36669026D+01
 -0.22500914D-01  0.44216322D+01 -0.46549945D+01  0.16484853D+01
 -0.22500914D-01 -0.44216322D+01 -0.46549945D+01  0.16484853D+01
 -0.20004027D-01  0.44216322D+01 -0.69377062D+01  0.23827223D+01
 -0.20004027D-01 -0.44216322D+01 -0.69377062D+01  0.23827223D+01
 -0.22093123D-01  0.44216322D+01 -0.69377062D+01  0.36430488D+00
 -0.23700716D-01  0.39837529D+01 -0.50192319D+01  0.36430488D+00
 -0.23700716D-01 -0.39837529D+01 -0.50192319D+01  0.36430488D+00
 -0.22093123D-01 -0.44216322D+01 -0.69377062D+01  0.36430488D+00
 -0.22477448D-01 -0.39837529D+01 -0.88561805D+01  0.36430488D+00
 -0.22477448D-01  0.39837529D+01 -0.88561805D+01  0.36430488D+00
 -0.22500922D-01  0.44216322D+01 -0.46549946D+01 -0.16484850D+01
 -0.22500922D-01 -0.44216322D+01 -0.46549946D+01 -0.16484850D+01
 -0.15301899D-01  0.44216322D+01 -0.46549946D+01 -0.36669024D+01
 -0.15188653D-01  0.39837529D+01 -0.27365202D+01 -0.36669024D+01
 -0.15188653D-01 -0.39837529D+01 -0.27365202D+01 -0.36669024D+01
 -0.15301899D-01 -0.44216322D+01 -0.46549946D+01 -0.36669024D+01
 -0.15392822D-01 -0.39837529D+01 -0.65734689D+01 -0.36669024D+01
 -0.15392822D-01  0.39837529D+01 -0.65734689D+01 -0.36669024D+01
 -0.28603749D-02  0.35458737D+01 -0.46549946D+01 -0.54854336D+01
  0.59580487D-03  0.29829788D+01 -0.27379505D+01 -0.54854336D+01
 -0.19490643D-02 -0.34022409D+01 -0.36560065D+01 -0.54854336D+01
 -0.22405567D-02 -0.34022409D+01 -0.56539826D+01 -0.54854336D+01
  0.33185987D-03  0.29829788D+01 -0.65720386D+01 -0.54854336D+01
 -0.22093124D-01  0.44216322D+01 -0.69377062D+01 -0.36430457D+00
 -0.23700719D-01  0.39837529D+01 -0.50192319D+01 -0.36430457D+00
 -0.23700719D-01 -0.39837529D+01 -0.50192319D+01 -0.36430457D+00
 -0.22093124D-01 -0.44216322D+01 -0.69377062D+01 -0.36430457D+00
 -0.22477451D-01 -0.39837529D+01 -0.88561805D+01 -0.36430457D+00
 -0.22477451D-01  0.39837529D+01 -0.88561805D+01 -0.36430457D+00
 -0.20004036D-01  0.44216322D+01 -0.69377062D+01 -0.23827220D+01
 -0.20004036D-01 -0.44216322D+01 -0.69377062D+01 -0.23827220D+01
  0.14594812D-01 -0.57021405D-15 -0.46561510D+01  0.83376759D+01
  0.11931568D-01  0.18141371D+01 -0.46561510D+01  0.78515793D+01
  0.14927181D-01  0.90706854D+00 -0.30850622D+01  0.78515793D+01
  0.14927181D-01 -0.90706854D+00 -0.30850622D+01  0.78515793D+01
  0.11931568D-01 -0.18141371D+01 -0.46561510D+01  0.78515793D+01
  0.14515686D-01 -0.90706854D+00 -0.62272398D+01  0.78515793D+01
  0.14515686D-01  0.90706854D+00 -0.62272398D+01  0.78515793D+01
  0.40720961D-02  0.31421776D+01 -0.46561510D+01  0.65235388D+01
  0.76615633D-02  0.25420751D+01 -0.28092254D+01  0.65235388D+01
  0.76615633D-02 -0.25420751D+01 -0.28092254D+01  0.65235388D+01
  0.40720961D-02 -0.31421776D+01 -0.46561510D+01  0.65235388D+01
  0.73499631D-02 -0.25420751D+01 -0.65030767D+01  0.65235388D+01
  0.73499631D-02  0.25420751D+01 -0.65030767D+01  0.65235388D+01
  0.40720956D-02  0.31421776D+01 -0.46561492D+01 -0.65235366D+01
  0.76615787D-02  0.25420751D+01 -0.28092235D+01 -0.65235366D+01
  0.76615787D-02 -0.25420751D+01 -0.28092235D+01 -0.65235366D+01
  0.40720956D-02 -0.31421776D+01 -0.46561492D+01 -0.65235366D+01
  0.73499632D-02 -0.25420751D+01 -0.65030748D+01 -0.65235366D+01
  0.73499632D-02  0.25420751D+01 -0.65030748D+01 -0.65235366D+01
  0.11931569D-01  0.18141371D+01 -0.46561492D+01 -0.78515772D+01
  0.14927189D-01  0.90706854D+00 -0.30850604D+01 -0.78515772D+01
  0.14927189D-01 -0.90706854D+00 -0.30850604D+01 -0.78515772D+01
  0.11931569D-01 -0.18141371D+01 -0.46561492D+01 -0.78515772D+01
  0.14515688D-01 -0.90706854D+00 -0.62272380D+01 -0.78515772D+01
  0.14515688D-01  0.90706854D+00 -0.62272380D+01 -0.78515772D+01
  0.14594813D-01 -0.12587839D-15 -0.46561492D+01 -0.83376737D+01
 -0.30771357D-02  0.35458737D+01 -0.93231396D+01  0.54898596D+01
  0.64526958D-03  0.29829788D+01 -0.74060956D+01  0.54898596D+01
 -0.18632446D-02 -0.34022409D+01 -0.83241516D+01  0.54898596D+01
 -0.29871355D-02 -0.34022409D+01 -0.10322128D+02  0.54898596D+01
  0.26035258D-02 -0.23220535D+01 -0.12002932D+02  0.54898596D+01
 -0.11841952D-02  0.29829788D+01 -0.11240184D+02  0.54898596D+01
 -0.14637638D-01  0.44216322D+01 -0.93231396D+01  0.36713284D+01
 -0.14465994D-01  0.39837529D+01 -0.74046653D+01  0.36713284D+01
 -0.14465994D-01 -0.39837529D+01 -0.74046653D+01  0.36713284D+01
 -0.14637638D-01 -0.44216322D+01 -0.93231396D+01  0.36713284D+01
 -0.14405318D-01 -0.39837529D+01 -0.11241614D+02  0.36713284D+01
 -0.14405318D-01  0.39837529D+01 -0.11241614D+02  0.36713284D+01
 -0.21851025D-01  0.44216322D+01 -0.93231396D+01  0.16529110D+01
 -0.21851025D-01 -0.44216322D+01 -0.93231396D+01  0.16529110D+01
 -0.58699657D-02 -0.34022409D+01 -0.12538330D+02  0.41808728D+01
 -0.17164399D-01  0.44216322D+01 -0.11539342D+02  0.23623416D+01
 -0.17164399D-01 -0.44216322D+01 -0.11539342D+02  0.23623416D+01
 -0.69840447D-02 -0.39837529D+01 -0.13457817D+02  0.23623416D+01
 -0.69840447D-02  0.39837529D+01 -0.13457817D+02  0.23623416D+01
 -0.18914426D-01  0.44216322D+01 -0.11539342D+02  0.34392421D+00
 -0.23789904D-01  0.39837529D+01 -0.96208681D+01  0.34392421D+00
 -0.23789904D-01 -0.39837529D+01 -0.96208681D+01  0.34392421D+00
 -0.18914426D-01 -0.44216322D+01 -0.11539342D+02  0.34392421D+00
 -0.84573205D-02 -0.39837529D+01 -0.13457817D+02  0.34392421D+00
  0.34995686D-02 -0.27568426D+01 -0.14996314D+02  0.34392421D+00
  0.34995686D-02  0.27568426D+01 -0.14996314D+02  0.34392421D+00
 -0.84573205D-02  0.39837529D+01 -0.13457817D+02  0.34392421D+00
 -0.21851034D-01  0.44216322D+01 -0.93231396D+01 -0.16529126D+01
 -0.21851034D-01 -0.44216322D+01 -0.93231396D+01 -0.16529126D+01
 -0.14637637D-01  0.44216322D+01 -0.93231396D+01 -0.36713300D+01
 -0.14465990D-01  0.39837529D+01 -0.74046653D+01 -0.36713300D+01
 -0.14465990D-01 -0.39837529D+01 -0.74046653D+01 -0.36713300D+01
 -0.14637637D-01 -0.44216322D+01 -0.93231396D+01 -0.36713300D+01
 -0.14405321D-01 -0.39837529D+01 -0.11241614D+02 -0.36713300D+01
 -0.14405321D-01  0.39837529D+01 -0.11241614D+02 -0.36713300D+01
 -0.30771167D-02  0.35458737D+01 -0.93231396D+01 -0.54898612D+01
  0.64529050D-03  0.29829788D+01 -0.74060956D+01 -0.54898612D+01
 -0.18632236D-02 -0.34022409D+01 -0.83241516D+01 -0.54898612D+01
 -0.29871207D-02 -0.34022409D+01 -0.10322128D+02 -0.54898612D+01
  0.26035144D-02 -0.23220535D+01 -0.12002932D+02 -0.54898612D+01
 -0.11841894D-02  0.29829788D+01 -0.11240184D+02 -0.54898612D+01
 -0.18914435D-01  0.44216322D+01 -0.11539341D+02 -0.34392385D+00
 -0.23789903D-01  0.39837529D+01 -0.96208662D+01 -0.34392385D+00
 -0.23789903D-01 -0.39837529D+01 -0.96208662D+01 -0.34392385D+00
 -0.18914435D-01 -0.44216322D+01 -0.11539341D+02 -0.34392385D+00
 -0.84573363D-02 -0.39837529D+01 -0.13457815D+02 -0.34392385D+00
  0.34995548D-02 -0.27568426D+01 -0.14996312D+02 -0.34392385D+00
  0.34995548D-02  0.27568426D+01 -0.14996312D+02 -0.34392385D+00
 -0.84573363D-02  0.39837529D+01 -0.13457815D+02 -0.34392385D+00
 -0.17164419D-01  0.44216322D+01 -0.11539341D+02 -0.23623412D+01
 -0.17164419D-01 -0.44216322D+01 -0.11539341D+02 -0.23623412D+01
 -0.69840820D-02 -0.39837529D+01 -0.13457815D+02 -0.23623412D+01
 -0.69840820D-02  0.39837529D+01 -0.13457815D+02 -0.23623412D+01
 -0.58700076D-02 -0.34022409D+01 -0.12538329D+02 -0.41808725D+01
  0.12786872D-01 -0.11416782D-14 -0.93225103D+01  0.83408015D+01
  0.10426807D-01  0.18141371D+01 -0.93225103D+01  0.78547050D+01
  0.14030973D-01  0.90706854D+00 -0.77514215D+01  0.78547050D+01
  0.14030973D-01 -0.90706854D+00 -0.77514215D+01  0.78547050D+01
  0.10426807D-01 -0.18141371D+01 -0.93225103D+01  0.78547050D+01
  0.10798538D-01 -0.90706854D+00 -0.10893599D+02  0.78547050D+01
  0.10798538D-01  0.90706854D+00 -0.10893599D+02  0.78547050D+01
  0.33377357D-02  0.31421776D+01 -0.93225103D+01  0.65266644D+01
  0.72955149D-02  0.25420751D+01 -0.74755847D+01  0.65266644D+01
  0.72955149D-02 -0.25420751D+01 -0.74755847D+01  0.65266644D+01
  0.33377357D-02 -0.31421776D+01 -0.93225103D+01  0.65266644D+01
  0.47843677D-02 -0.25420751D+01 -0.11169436D+02  0.65266644D+01
  0.94422390D-02 -0.97098628D+00 -0.12310899D+02  0.65266644D+01
  0.94422390D-02  0.97098628D+00 -0.12310899D+02  0.65266644D+01
  0.47843677D-02  0.25420751D+01 -0.11169436D+02  0.65266644D+01
  0.10452957D-01 -0.16321292D-14 -0.13327346D+02  0.59815408D+01
  0.66697076D-02  0.18141371D+01 -0.13327346D+02  0.54954443D+01
  0.66697076D-02 -0.18141371D+01 -0.13327346D+02  0.54954443D+01
  0.99992132D-02 -0.90706854D+00 -0.14898435D+02  0.54954443D+01
  0.99992132D-02  0.90706854D+00 -0.14898435D+02  0.54954443D+01
 -0.13254320D-02  0.31421776D+01 -0.13327346D+02  0.41674038D+01
 -0.13254320D-02 -0.31421776D+01 -0.13327346D+02  0.41674038D+01
  0.66544691D-02 -0.25420751D+01 -0.15174272D+02  0.41674038D+01
  0.10952792D-01 -0.97098628D+00 -0.16315735D+02  0.41674038D+01
  0.10952792D-01  0.97098628D+00 -0.16315735D+02  0.41674038D+01
  0.66544691D-02  0.25420751D+01 -0.15174272D+02  0.41674038D+01
  0.32994009D-02 -0.31421776D+01 -0.15141484D+02  0.23532667D+01
  0.95834229D-02 -0.18141371D+01 -0.16469524D+02  0.23532667D+01
  0.11656676D-01 -0.22986324D-14 -0.16955621D+02  0.23532667D+01
  0.95834229D-02  0.18141371D+01 -0.16469524D+02  0.23532667D+01
  0.32994009D-02  0.31421776D+01 -0.15141484D+02  0.23532667D+01
  0.11723329D-01 -0.97098628D+00 -0.16315735D+02  0.53912960D+00
  0.11723329D-01  0.97098628D+00 -0.16315735D+02  0.53912960D+00
  0.11723314D-01 -0.97098628D+00 -0.16315735D+02 -0.53912923D+00
  0.11723314D-01  0.97098628D+00 -0.16315735D+02 -0.53912923D+00
  0.32993620D-02 -0.31421776D+01 -0.15141484D+02 -0.23532663D+01
  0.95833822D-02 -0.18141371D+01 -0.16469524D+02 -0.23532663D+01
  0.11656635D-01 -0.22986324D-14 -0.16955621D+02 -0.23532663D+01
  0.95833822D-02  0.18141371D+01 -0.16469524D+02 -0.23532663D+01
  0.32993620D-02  0.31421776D+01 -0.15141484D+02 -0.23532663D+01
 -0.13254772D-02  0.31421776D+01 -0.13327346D+02 -0.41674034D+01
 -0.13254772D-02 -0.31421776D+01 -0.13327346D+02 -0.41674034D+01
  0.66544174D-02 -0.25420751D+01 -0.15174272D+02 -0.41674034D+01
  0.10952738D-01 -0.97098628D+00 -0.16315735D+02 -0.41674034D+01
  0.10952738D-01  0.97098628D+00 -0.16315735D+02 -0.41674034D+01
  0.66544174D-02  0.25420751D+01 -0.15174272D+02 -0.41674034D+01
  0.66696612D-02  0.18141371D+01 -0.13327346D+02 -0.54954439D+01
  0.66696612D-02 -0.18141371D+01 -0.13327346D+02 -0.54954439D+01
  0.99991573D-02 -0.90706854D+00 -0.14898435D+02 -0.54954439D+01
  0.99991573D-02  0.90706854D+00 -0.14898435D+02 -0.54954439D+01
  0.10452913D-01 -0.11877938D-14 -0.13327346D+02 -0.59815405D+01
  0.33377483D-02  0.31421776D+01 -0.93225104D+01 -0.65266641D+01
  0.72955278D-02  0.25420751D+01 -0.74755847D+01 -0.65266641D+01
  0.72955278D-02 -0.25420751D+01 -0.74755847D+01 -0.65266641D+01
  0.33377483D-02 -0.31421776D+01 -0.93225104D+01 -0.65266641D+01
  0.47843702D-02 -0.25420751D+01 -0.11169436D+02 -0.65266641D+01
  0.94422255D-02 -0.97098628D+00 -0.12310899D+02 -0.65266641D+01
  0.94422255D-02  0.97098628D+00 -0.12310899D+02 -0.65266641D+01
  0.47843702D-02  0.25420751D+01 -0.11169436D+02 -0.65266641D+01
  0.10426823D-01  0.18141371D+01 -0.93225104D+01 -0.78547046D+01
  0.14030985D-01  0.90706854D+00 -0.77514216D+01 -0.78547046D+01
  0.14030985D-01 -0.90706854D+00 -0.77514216D+01 -0.78547046D+01
  0.10426823D-01 -0.18141371D+01 -0.93225104D+01 -0.78547046D+01
  0.10798547D-01 -0.90706854D+00 -0.10893599D+02 -0.78547046D+01
  0.10798547D-01  0.90706854D+00 -0.10893599D+02 -0.78547046D+01
  0.12786888D-01 -0.69734282D-15 -0.93225104D+01 -0.83408012D+01
 -0.15136525D-01  0.47138741D+01  0.69377062D+01  0.33260641D+01
 -0.15136525D-01 -0.47138741D+01  0.69377062D+01  0.33260641D+01
 -0.18863967D-01  0.51022605D+01  0.69377062D+01  0.13735136D+01
 -0.18863967D-01 -0.51022605D+01  0.69377062D+01  0.13735136D+01
 -0.18863971D-01  0.51022605D+01  0.69377062D+01 -0.13735133D+01
 -0.18863971D-01 -0.51022605D+01  0.69377062D+01 -0.13735133D+01
 -0.15136531D-01  0.47138741D+01  0.69377062D+01 -0.33260638D+01
 -0.15136531D-01 -0.47138741D+01  0.69377062D+01 -0.33260638D+01
 -0.89308943D-02  0.47138741D+01  0.93231396D+01  0.46146703D+01
 -0.76392285D-02  0.42470538D+01  0.11368413D+02  0.46146703D+01
 -0.76392285D-02 -0.42470538D+01  0.11368413D+02  0.46146703D+01
 -0.89308943D-02 -0.47138741D+01  0.93231396D+01  0.46146703D+01
 -0.87168260D-02 -0.42470538D+01  0.72778663D+01  0.46146703D+01
 -0.87168260D-02  0.42470538D+01  0.72778663D+01  0.46146703D+01
 -0.16006353D-01  0.51022605D+01  0.93231396D+01  0.26621197D+01
 -0.16006353D-01 -0.51022605D+01  0.93231396D+01  0.26621197D+01
 -0.20453562D-01  0.47138741D+01  0.93231396D+01  0.70956914D+00
 -0.20453562D-01 -0.47138741D+01  0.93231396D+01  0.70956914D+00
 -0.20453565D-01  0.47138741D+01  0.93231396D+01 -0.70957070D+00
 -0.20453565D-01 -0.47138741D+01  0.93231396D+01 -0.70957070D+00
 -0.16006356D-01  0.51022605D+01  0.93231396D+01 -0.26621213D+01
 -0.16006356D-01 -0.51022605D+01  0.93231396D+01 -0.26621213D+01
 -0.89308891D-02  0.47138741D+01  0.93231396D+01 -0.46146719D+01
 -0.76392310D-02  0.42470538D+01  0.11368413D+02 -0.46146719D+01
 -0.76392310D-02 -0.42470538D+01  0.11368413D+02 -0.46146719D+01
 -0.89308891D-02 -0.47138741D+01  0.93231396D+01 -0.46146719D+01
 -0.87168167D-02 -0.42470538D+01  0.72778663D+01 -0.46146719D+01
 -0.87168167D-02  0.42470538D+01  0.72778663D+01 -0.46146719D+01
 -0.24116123D-02 -0.34617000D+01  0.12555789D+02  0.49609759D+01
 -0.12299549D-01  0.47138741D+01  0.11539342D+02  0.33056835D+01
 -0.44745919D-02  0.42470538D+01  0.13584616D+02  0.33056835D+01
 -0.44745919D-02 -0.42470538D+01  0.13584616D+02  0.33056835D+01
 -0.12299549D-01 -0.47138741D+01  0.11539342D+02  0.33056835D+01
 -0.15021873D-01  0.51022605D+01  0.11539342D+02  0.13531329D+01
 -0.75865541D-02  0.47138741D+01  0.13491893D+02  0.13531329D+01
  0.76138826D-03  0.36078430D+01  0.15147185D+02  0.13531329D+01
  0.76138826D-03 -0.36078430D+01  0.15147185D+02  0.13531329D+01
 -0.75865541D-02 -0.47138741D+01  0.13491893D+02  0.13531329D+01
 -0.15021873D-01 -0.51022605D+01  0.11539342D+02  0.13531329D+01
 -0.15021884D-01  0.51022605D+01  0.11539341D+02 -0.13531325D+01
 -0.75865734D-02  0.47138741D+01  0.13491891D+02 -0.13531325D+01
  0.76136273D-03  0.36078430D+01  0.15147184D+02 -0.13531325D+01
  0.76136273D-03 -0.36078430D+01  0.15147184D+02 -0.13531325D+01
 -0.75865734D-02 -0.47138741D+01  0.13491891D+02 -0.13531325D+01
 -0.15021884D-01 -0.51022605D+01  0.11539341D+02 -0.13531325D+01
 -0.12299568D-01  0.47138741D+01  0.11539341D+02 -0.33056831D+01
 -0.44746265D-02  0.42470538D+01  0.13584614D+02 -0.33056831D+01
 -0.44746265D-02 -0.42470538D+01  0.13584614D+02 -0.33056831D+01
 -0.12299568D-01 -0.47138741D+01  0.11539341D+02 -0.33056831D+01
 -0.24116431D-02 -0.34617000D+01  0.12555787D+02 -0.49609756D+01
 -0.95219705D-02  0.47138741D+01  0.46549945D+01  0.46102445D+01
 -0.89937511D-02  0.42470538D+01  0.67002678D+01  0.46102445D+01
 -0.89937511D-02 -0.42470538D+01  0.67002678D+01  0.46102445D+01
 -0.95219705D-02 -0.47138741D+01  0.46549945D+01  0.46102445D+01
 -0.90943108D-02 -0.42470538D+01  0.26097212D+01  0.46102445D+01
 -0.90943108D-02  0.42470538D+01  0.26097212D+01  0.46102445D+01
 -0.17085899D-01  0.51022605D+01  0.46549945D+01  0.26576940D+01
 -0.17085899D-01 -0.51022605D+01  0.46549945D+01  0.26576940D+01
 -0.21309281D-01  0.47138741D+01  0.46549945D+01  0.70514338D+00
 -0.21309281D-01 -0.47138741D+01  0.46549945D+01  0.70514338D+00
 -0.15574255D-01  0.47138741D+01  0.23130796D+01  0.33275098D+01
 -0.15574255D-01 -0.47138741D+01  0.23130796D+01  0.33275098D+01
 -0.19470919D-01  0.51022605D+01  0.23130796D+01  0.13749592D+01
 -0.19470919D-01 -0.51022605D+01  0.23130796D+01  0.13749592D+01
 -0.21309284D-01  0.47138741D+01  0.46549946D+01 -0.70514310D+00
 -0.21309284D-01 -0.47138741D+01  0.46549946D+01 -0.70514310D+00
 -0.17085902D-01  0.51022605D+01  0.46549946D+01 -0.26576937D+01
 -0.17085902D-01 -0.51022605D+01  0.46549946D+01 -0.26576937D+01
 -0.95219685D-02  0.47138741D+01  0.46549946D+01 -0.46102442D+01
 -0.89937523D-02  0.42470538D+01  0.67002679D+01 -0.46102442D+01
 -0.89937523D-02 -0.42470538D+01  0.67002679D+01 -0.46102442D+01
 -0.95219685D-02 -0.47138741D+01  0.46549946D+01 -0.46102442D+01
 -0.90942986D-02 -0.42470538D+01  0.26097212D+01 -0.46102442D+01
 -0.90942986D-02  0.42470538D+01  0.26097212D+01 -0.46102442D+01
 -0.19470920D-01  0.51022605D+01  0.23130796D+01 -0.13749589D+01
 -0.19470920D-01 -0.51022605D+01  0.23130796D+01 -0.13749589D+01
 -0.15574250D-01  0.47138741D+01  0.23130796D+01 -0.33275095D+01
 -0.15574250D-01 -0.47138741D+01  0.23130796D+01 -0.33275095D+01
  0.10446641D-01 -0.32702891D-30  0.93225103D+01  0.87943358D+01
  0.83660376D-02  0.20409042D+01  0.93225103D+01  0.82474772D+01
  0.87264873D-02  0.10204521D+01  0.11089985D+02  0.82474772D+01
  0.87264873D-02 -0.10204521D+01  0.11089985D+02  0.82474772D+01
  0.83660376D-02 -0.20409042D+01  0.93225103D+01  0.82474772D+01
  0.11895519D-01 -0.10204521D+01  0.75550354D+01  0.82474772D+01
  0.11895519D-01  0.10204521D+01  0.75550354D+01  0.82474772D+01
  0.20802569D-02  0.35349498D+01  0.93225103D+01  0.67534316D+01
  0.32478360D-02  0.29737890D+01  0.11233648D+02  0.67534316D+01
  0.72378070D-02  0.14684712D+01  0.12538014D+02  0.67534316D+01
  0.87762573D-02 -0.50307581D+00  0.12821479D+02  0.67534316D+01
  0.50864722D-02 -0.23148998D+01  0.11994047D+02  0.67534316D+01
  0.21999204D-02 -0.33917595D+01  0.10318421D+02  0.67534316D+01
  0.29339931D-02 -0.33917595D+01  0.83265999D+01  0.67534316D+01
  0.49936618D-02  0.29737890D+01  0.74113722D+01  0.67534316D+01
  0.12117511D-01 -0.21192980D-30  0.46561510D+01  0.87912102D+01
  0.97245128D-02  0.20409042D+01  0.46561510D+01  0.82443515D+01
  0.12245748D-01  0.10204521D+01  0.64236259D+01  0.82443515D+01
  0.12245748D-01 -0.10204521D+01  0.64236259D+01  0.82443515D+01
  0.97245128D-02 -0.20409042D+01  0.46561510D+01  0.82443515D+01
  0.12702640D-01 -0.10204521D+01  0.28886761D+01  0.82443515D+01
  0.12702640D-01  0.10204521D+01  0.28886761D+01  0.82443515D+01
  0.26368227D-02  0.35349498D+01  0.46561510D+01  0.67503059D+01
  0.50540852D-02  0.29737890D+01  0.65672892D+01  0.67503059D+01
  0.31632956D-02 -0.33917595D+01  0.56520615D+01  0.67503059D+01
  0.32933524D-02 -0.33917595D+01  0.36602406D+01  0.67503059D+01
  0.53054742D-02  0.29737890D+01  0.27450129D+01  0.67503059D+01
  0.26368226D-02  0.35349498D+01  0.46561492D+01 -0.67503038D+01
  0.50540858D-02  0.29737890D+01  0.65672873D+01 -0.67503038D+01
  0.31632936D-02 -0.33917595D+01  0.56520596D+01 -0.67503038D+01
  0.32933570D-02 -0.33917595D+01  0.36602387D+01 -0.67503038D+01
  0.53054849D-02  0.29737890D+01  0.27450110D+01 -0.67503038D+01
  0.97245146D-02  0.20409042D+01  0.46561492D+01 -0.82443494D+01
  0.12245753D-01  0.10204521D+01  0.64236241D+01 -0.82443494D+01
  0.12245753D-01 -0.10204521D+01  0.64236241D+01 -0.82443494D+01
  0.97245146D-02 -0.20409042D+01  0.46561492D+01 -0.82443494D+01
  0.12702647D-01 -0.10204521D+01  0.28886743D+01 -0.82443494D+01
  0.12702647D-01  0.10204521D+01  0.28886743D+01 -0.82443494D+01
  0.12117513D-01  0.49987736D-15  0.46561492D+01 -0.87912080D+01
  0.20802649D-02  0.35349498D+01  0.93225104D+01 -0.67534312D+01
  0.32478354D-02  0.29737890D+01  0.11233649D+02 -0.67534312D+01
  0.72377919D-02  0.14684712D+01  0.12538014D+02 -0.67534312D+01
  0.87762369D-02 -0.50307581D+00  0.12821479D+02 -0.67534312D+01
  0.50864648D-02 -0.23148998D+01  0.11994047D+02 -0.67534312D+01
  0.21999251D-02 -0.33917595D+01  0.10318421D+02 -0.67534312D+01
  0.29340027D-02 -0.33917595D+01  0.83265999D+01 -0.67534312D+01
  0.49936708D-02  0.29737890D+01  0.74113722D+01 -0.67534312D+01
  0.83660480D-02  0.20409042D+01  0.93225104D+01 -0.82474768D+01
  0.87264922D-02  0.10204521D+01  0.11089985D+02 -0.82474768D+01
  0.87264922D-02 -0.10204521D+01  0.11089985D+02 -0.82474768D+01
  0.83660480D-02 -0.20409042D+01  0.93225104D+01 -0.82474768D+01
  0.11895527D-01 -0.10204521D+01  0.75550355D+01 -0.82474768D+01
  0.11895527D-01  0.10204521D+01  0.75550355D+01 -0.82474768D+01
  0.10446652D-01  0.49987736D-15  0.93225104D+01 -0.87943355D+01
  0.93595258D-02  0.14684712D+01  0.16542850D+02 -0.31236209D+00
  0.10615928D-01 -0.50307581D+00  0.16826316D+02 -0.31236209D+00
  0.68393127D-02 -0.23148998D+01  0.15998883D+02 -0.31236209D+00
  0.15783118D-02  0.36142619D+01  0.15224257D+02 -0.23532663D+01
  0.70786206D-02  0.23187315D+01  0.16686609D+02 -0.23532663D+01
  0.93868859D-02  0.49200764D+00  0.17379394D+02 -0.23532663D+01
  0.86195622D-02 -0.14474292D+01  0.17143904D+02 -0.23532663D+01
  0.47461157D-02 -0.30552775D+01  0.16034086D+02 -0.23532663D+01
  0.45759797D-02  0.29737890D+01  0.15238485D+02 -0.43941705D+01
  0.83414405D-02  0.14684712D+01  0.16542850D+02 -0.43941705D+01
  0.91124879D-02 -0.50307581D+00  0.16826316D+02 -0.43941705D+01
  0.68172212D-02 -0.23148998D+01  0.15998883D+02 -0.43941705D+01
  0.16716584D-02 -0.33917595D+01  0.14323257D+02 -0.43941705D+01
  0.54952932D-02  0.20409042D+01  0.13327346D+02 -0.58882161D+01
  0.80816492D-02  0.10204521D+01  0.15094821D+02 -0.58882161D+01
  0.80816492D-02 -0.10204521D+01  0.15094821D+02 -0.58882161D+01
  0.54952932D-02 -0.20409042D+01  0.13327346D+02 -0.58882161D+01
  0.90267891D-02  0.49987736D-15  0.13327346D+02 -0.64350747D+01
  0.90268223D-02 -0.37708828D-30  0.13327346D+02  0.64350751D+01
  0.54953283D-02  0.20409042D+01  0.13327346D+02  0.58882165D+01
  0.80816939D-02  0.10204521D+01  0.15094821D+02  0.58882165D+01
  0.80816939D-02 -0.10204521D+01  0.15094821D+02  0.58882165D+01
  0.54953283D-02 -0.20409042D+01  0.13327346D+02  0.58882165D+01
  0.45760208D-02  0.29737890D+01  0.15238485D+02  0.43941709D+01
  0.83414837D-02  0.14684712D+01  0.16542850D+02  0.43941709D+01
  0.91125313D-02 -0.50307581D+00  0.16826316D+02  0.43941709D+01
  0.68172636D-02 -0.23148998D+01  0.15998883D+02  0.43941709D+01
  0.16716971D-02 -0.33917595D+01  0.14323257D+02  0.43941709D+01
  0.15783417D-02  0.36142619D+01  0.15224257D+02  0.23532667D+01
  0.70786524D-02  0.23187315D+01  0.16686609D+02  0.23532667D+01
  0.93869181D-02  0.49200764D+00  0.17379394D+02  0.23532667D+01
  0.86195943D-02 -0.14474292D+01  0.17143904D+02  0.23532667D+01
  0.47461468D-02 -0.30552775D+01  0.16034086D+02  0.23532667D+01
  0.93595329D-02  0.14684712D+01  0.16542850D+02  0.31236247D+00
  0.10615935D-01 -0.50307581D+00  0.16826316D+02  0.31236247D+00
  0.68393197D-02 -0.23148998D+01  0.15998883D+02  0.31236247D+00
 -0.96470098D-02  0.47138741D+01  0.00000000D+00  0.46111799D+01
 -0.91634161D-02  0.42470538D+01  0.20452733D+01  0.46111799D+01
 -0.91634161D-02 -0.42470538D+01  0.20452733D+01  0.46111799D+01
 -0.96470098D-02 -0.47138741D+01  0.57728308D-15  0.46111799D+01
 -0.91634161D-02 -0.42470538D+01 -0.20452733D+01  0.46111799D+01
 -0.91634161D-02  0.42470538D+01 -0.20452733D+01  0.46111799D+01
 -0.17318856D-01  0.51022605D+01  0.00000000D+00  0.26586293D+01
 -0.17318856D-01 -0.51022605D+01  0.62484670D-15  0.26586293D+01
 -0.21584387D-01  0.47138741D+01  0.00000000D+00  0.70607877D+00
 -0.21584387D-01 -0.47138741D+01  0.57728308D-15  0.70607877D+00
 -0.15574255D-01  0.47138741D+01 -0.23130796D+01  0.33275098D+01
 -0.15574255D-01 -0.47138741D+01 -0.23130796D+01  0.33275098D+01
 -0.19470919D-01  0.51022605D+01 -0.23130796D+01  0.13749592D+01
 -0.19470919D-01 -0.51022605D+01 -0.23130796D+01  0.13749592D+01
 -0.21584388D-01  0.47138741D+01  0.00000000D+00 -0.70607854D+00
 -0.21584388D-01 -0.47138741D+01  0.57728308D-15 -0.70607854D+00
 -0.17318853D-01  0.51022605D+01  0.00000000D+00 -0.26586291D+01
 -0.17318853D-01 -0.51022605D+01  0.62484670D-15 -0.26586291D+01
 -0.96469963D-02  0.47138741D+01  0.00000000D+00 -0.46111797D+01
 -0.91634015D-02  0.42470538D+01  0.20452733D+01 -0.46111797D+01
 -0.91634015D-02 -0.42470538D+01  0.20452733D+01 -0.46111797D+01
 -0.96469963D-02 -0.47138741D+01  0.57728308D-15 -0.46111797D+01
 -0.91634015D-02 -0.42470538D+01 -0.20452733D+01 -0.46111797D+01
 -0.91634015D-02  0.42470538D+01 -0.20452733D+01 -0.46111797D+01
 -0.19470920D-01  0.51022605D+01 -0.23130796D+01 -0.13749589D+01
 -0.19470920D-01 -0.51022605D+01 -0.23130796D+01 -0.13749589D+01
 -0.15574250D-01  0.47138741D+01 -0.23130796D+01 -0.33275095D+01
 -0.15574250D-01 -0.47138741D+01 -0.23130796D+01 -0.33275095D+01
  0.12349043D-01 -0.16574923D-23  0.00000000D+00  0.87919679D+01
  0.99070238D-02  0.20409042D+01  0.00000000D+00  0.82451093D+01
  0.12745180D-01  0.10204521D+01  0.17674749D+01  0.82451093D+01
  0.12745180D-01 -0.10204521D+01  0.17674749D+01  0.82451093D+01
  0.99070238D-02 -0.20409042D+01  0.24993868D-15  0.82451093D+01
  0.12745180D-01 -0.10204521D+01 -0.17674749D+01  0.82451093D+01
  0.12745180D-01  0.10204521D+01 -0.17674749D+01  0.82451093D+01
  0.26927133D-02  0.35349498D+01  0.00000000D+00  0.67510637D+01
  0.53022131D-02  0.29737890D+01  0.19111381D+01  0.67510637D+01
  0.32994966D-02 -0.33917595D+01  0.99591044D+00  0.67510637D+01
  0.32994966D-02 -0.33917595D+01 -0.99591044D+00  0.67510637D+01
  0.53022131D-02  0.29737890D+01 -0.19111381D+01  0.67510637D+01
  0.26927174D-02  0.35349498D+01  0.00000000D+00 -0.67510597D+01
  0.53022215D-02  0.29737890D+01  0.19111381D+01 -0.67510597D+01
  0.32995016D-02 -0.33917595D+01  0.99591044D+00 -0.67510597D+01
  0.32995016D-02 -0.33917595D+01 -0.99591044D+00 -0.67510597D+01
  0.53022215D-02  0.29737890D+01 -0.19111381D+01 -0.67510597D+01
  0.99070297D-02  0.20409042D+01  0.00000000D+00 -0.82451053D+01
  0.12745192D-01  0.10204521D+01  0.17674749D+01 -0.82451053D+01
  0.12745192D-01 -0.10204521D+01  0.17674749D+01 -0.82451053D+01
  0.99070297D-02 -0.20409042D+01  0.24993868D-15 -0.82451053D+01
  0.12745192D-01 -0.10204521D+01 -0.17674749D+01 -0.82451053D+01
  0.12745192D-01  0.10204521D+01 -0.17674749D+01 -0.82451053D+01
  0.12349049D-01  0.49987736D-15  0.00000000D+00 -0.87919639D+01
 -0.95219705D-02  0.47138741D+01 -0.46549945D+01  0.46102445D+01
 -0.90943108D-02  0.42470538D+01 -0.26097212D+01  0.46102445D+01
 -0.90943108D-02 -0.42470538D+01 -0.26097212D+01  0.46102445D+01
 -0.95219705D-02 -0.47138741D+01 -0.46549945D+01  0.46102445D+01
 -0.89937511D-02 -0.42470538D+01 -0.67002678D+01  0.46102445D+01
 -0.89937511D-02  0.42470538D+01 -0.67002678D+01  0.46102445D+01
 -0.17085899D-01  0.51022605D+01 -0.46549945D+01  0.26576940D+01
 -0.17085899D-01 -0.51022605D+01 -0.46549945D+01  0.26576940D+01
 -0.21309281D-01  0.47138741D+01 -0.46549945D+01  0.70514338D+00
 -0.21309281D-01 -0.47138741D+01 -0.46549945D+01  0.70514338D+00
 -0.15136525D-01  0.47138741D+01 -0.69377062D+01  0.33260641D+01
 -0.15136525D-01 -0.47138741D+01 -0.69377062D+01  0.33260641D+01
 -0.18863967D-01  0.51022605D+01 -0.69377062D+01  0.13735136D+01
 -0.18863967D-01 -0.51022605D+01 -0.69377062D+01  0.13735136D+01
 -0.21309284D-01  0.47138741D+01 -0.46549946D+01 -0.70514310D+00
 -0.21309284D-01 -0.47138741D+01 -0.46549946D+01 -0.70514310D+00
 -0.17085902D-01  0.51022605D+01 -0.46549946D+01 -0.26576937D+01
 -0.17085902D-01 -0.51022605D+01 -0.46549946D+01 -0.26576937D+01
 -0.95219685D-02  0.47138741D+01 -0.46549946D+01 -0.46102442D+01
 -0.90942986D-02  0.42470538D+01 -0.26097212D+01 -0.46102442D+01
 -0.90942986D-02 -0.42470538D+01 -0.26097212D+01 -0.46102442D+01
 -0.95219685D-02 -0.47138741D+01 -0.46549946D+01 -0.46102442D+01
 -0.89937523D-02 -0.42470538D+01 -0.67002679D+01 -0.46102442D+01
 -0.89937523D-02  0.42470538D+01 -0.67002679D+01 -0.46102442D+01
 -0.18863971D-01  0.51022605D+01 -0.69377062D+01 -0.13735133D+01
 -0.18863971D-01 -0.51022605D+01 -0.69377062D+01 -0.13735133D+01
 -0.15136531D-01  0.47138741D+01 -0.69377062D+01 -0.33260638D+01
 -0.15136531D-01 -0.47138741D+01 -0.69377062D+01 -0.33260638D+01
  0.12117511D-01 -0.57021405D-15 -0.46561510D+01  0.87912102D+01
  0.97245128D-02  0.20409042D+01 -0.46561510D+01  0.82443515D+01
  0.12702640D-01  0.10204521D+01 -0.28886761D+01  0.82443515D+01
  0.12702640D-01 -0.10204521D+01 -0.28886761D+01  0.82443515D+01
  0.97245128D-02 -0.20409042D+01 -0.46561510D+01  0.82443515D+01
  0.12245748D-01 -0.10204521D+01 -0.64236259D+01  0.82443515D+01
  0.12245748D-01  0.10204521D+01 -0.64236259D+01  0.82443515D+01
  0.26368227D-02  0.35349498D+01 -0.46561510D+01  0.67503059D+01
  0.53054742D-02  0.29737890D+01 -0.27450129D+01  0.67503059D+01
  0.32933524D-02 -0.33917595D+01 -0.36602406D+01  0.67503059D+01
  0.31632956D-02 -0.33917595D+01 -0.56520615D+01  0.67503059D+01
  0.50540852D-02  0.29737890D+01 -0.65672892D+01  0.67503059D+01
  0.26368226D-02  0.35349498D+01 -0.46561492D+01 -0.67503038D+01
  0.53054849D-02  0.29737890D+01 -0.27450110D+01 -0.67503038D+01
  0.32933570D-02 -0.33917595D+01 -0.36602387D+01 -0.67503038D+01
  0.31632936D-02 -0.33917595D+01 -0.56520596D+01 -0.67503038D+01
  0.50540858D-02  0.29737890D+01 -0.65672873D+01 -0.67503038D+01
  0.97245146D-02  0.20409042D+01 -0.46561492D+01 -0.82443494D+01
  0.12702647D-01  0.10204521D+01 -0.28886743D+01 -0.82443494D+01
  0.12702647D-01 -0.10204521D+01 -0.28886743D+01 -0.82443494D+01
  0.97245146D-02 -0.20409042D+01 -0.46561492D+01 -0.82443494D+01
  0.12245753D-01 -0.10204521D+01 -0.64236241D+01 -0.82443494D+01
  0.12245753D-01  0.10204521D+01 -0.64236241D+01 -0.82443494D+01
  0.12117513D-01 -0.70336457D-16 -0.46561492D+01 -0.87912080D+01
 -0.89308943D-02  0.47138741D+01 -0.93231396D+01  0.46146703D+01
 -0.87168260D-02  0.42470538D+01 -0.72778663D+01  0.46146703D+01
 -0.87168260D-02 -0.42470538D+01 -0.72778663D+01  0.46146703D+01
 -0.89308943D-02 -0.47138741D+01 -0.93231396D+01  0.46146703D+01
 -0.76392285D-02 -0.42470538D+01 -0.11368413D+02  0.46146703D+01
 -0.76392285D-02  0.42470538D+01 -0.11368413D+02  0.46146703D+01
 -0.16006353D-01  0.51022605D+01 -0.93231396D+01  0.26621197D+01
 -0.16006353D-01 -0.51022605D+01 -0.93231396D+01  0.26621197D+01
 -0.20453562D-01  0.47138741D+01 -0.93231396D+01  0.70956914D+00
 -0.20453562D-01 -0.47138741D+01 -0.93231396D+01  0.70956914D+00
 -0.24116123D-02 -0.34617000D+01 -0.12555789D+02  0.49609759D+01
 -0.12299549D-01  0.47138741D+01 -0.11539342D+02  0.33056835D+01
 -0.12299549D-01 -0.47138741D+01 -0.11539342D+02  0.33056835D+01
 -0.44745919D-02 -0.42470538D+01 -0.13584616D+02  0.33056835D+01
 -0.44745919D-02  0.42470538D+01 -0.13584616D+02  0.33056835D+01
 -0.15021873D-01  0.51022605D+01 -0.11539342D+02  0.13531329D+01
 -0.15021873D-01 -0.51022605D+01 -0.11539342D+02  0.13531329D+01
 -0.75865541D-02 -0.47138741D+01 -0.13491893D+02  0.13531329D+01
  0.76138826D-03 -0.36078430D+01 -0.15147185D+02  0.13531329D+01
  0.76138826D-03  0.36078430D+01 -0.15147185D+02  0.13531329D+01
 -0.75865541D-02  0.47138741D+01 -0.13491893D+02  0.13531329D+01
 -0.20453565D-01  0.47138741D+01 -0.93231396D+01 -0.70957070D+00
 -0.20453565D-01 -0.47138741D+01 -0.93231396D+01 -0.70957070D+00
 -0.16006356D-01  0.51022605D+01 -0.93231396D+01 -0.26621213D+01
 -0.16006356D-01 -0.51022605D+01 -0.93231396D+01 -0.26621213D+01
 -0.89308891D-02  0.47138741D+01 -0.93231396D+01 -0.46146719D+01
 -0.87168167D-02  0.42470538D+01 -0.72778663D+01 -0.46146719D+01
 -0.87168167D-02 -0.42470538D+01 -0.72778663D+01 -0.46146719D+01
 -0.89308891D-02 -0.47138741D+01 -0.93231396D+01 -0.46146719D+01
 -0.76392310D-02 -0.42470538D+01 -0.11368413D+02 -0.46146719D+01
 -0.76392310D-02  0.42470538D+01 -0.11368413D+02 -0.46146719D+01
 -0.15021884D-01  0.51022605D+01 -0.11539341D+02 -0.13531325D+01
 -0.15021884D-01 -0.51022605D+01 -0.11539341D+02 -0.13531325D+01
 -0.75865734D-02 -0.47138741D+01 -0.13491891D+02 -0.13531325D+01
  0.76136273D-03 -0.36078430D+01 -0.15147184D+02 -0.13531325D+01
  0.76136273D-03  0.36078430D+01 -0.15147184D+02 -0.13531325D+01
 -0.75865734D-02  0.47138741D+01 -0.13491891D+02 -0.13531325D+01
 -0.12299568D-01  0.47138741D+01 -0.11539341D+02 -0.33056831D+01
 -0.12299568D-01 -0.47138741D+01 -0.11539341D+02 -0.33056831D+01
 -0.44746265D-02 -0.42470538D+01 -0.13584614D+02 -0.33056831D+01
 -0.44746265D-02  0.42470538D+01 -0.13584614D+02 -0.33056831D+01
 -0.24116431D-02 -0.34617000D+01 -0.12555787D+02 -0.49609756D+01
  0.10446641D-01 -0.11416782D-14 -0.93225103D+01  0.87943358D+01
  0.83660376D-02  0.20409042D+01 -0.93225103D+01  0.82474772D+01
  0.11895519D-01  0.10204521D+01 -0.75550354D+01  0.82474772D+01
  0.11895519D-01 -0.10204521D+01 -0.75550354D+01  0.82474772D+01
  0.83660376D-02 -0.20409042D+01 -0.93225103D+01  0.82474772D+01
  0.87264873D-02 -0.10204521D+01 -0.11089985D+02  0.82474772D+01
  0.87264873D-02  0.10204521D+01 -0.11089985D+02  0.82474772D+01
  0.20802569D-02  0.35349498D+01 -0.93225103D+01  0.67534316D+01
  0.49936618D-02  0.29737890D+01 -0.74113722D+01  0.67534316D+01
  0.29339931D-02 -0.33917595D+01 -0.83265999D+01  0.67534316D+01
  0.21999204D-02 -0.33917595D+01 -0.10318421D+02  0.67534316D+01
  0.50864722D-02 -0.23148998D+01 -0.11994047D+02  0.67534316D+01
  0.87762573D-02 -0.50307581D+00 -0.12821479D+02  0.67534316D+01
  0.72378070D-02  0.14684712D+01 -0.12538014D+02  0.67534316D+01
  0.32478360D-02  0.29737890D+01 -0.11233648D+02  0.67534316D+01
  0.90268223D-02 -0.16321292D-14 -0.13327346D+02  0.64350751D+01
  0.54953283D-02  0.20409042D+01 -0.13327346D+02  0.58882165D+01
  0.54953283D-02 -0.20409042D+01 -0.13327346D+02  0.58882165D+01
  0.80816939D-02 -0.10204521D+01 -0.15094821D+02  0.58882165D+01
  0.80816939D-02  0.10204521D+01 -0.15094821D+02  0.58882165D+01
  0.16716971D-02 -0.33917595D+01 -0.14323257D+02  0.43941709D+01
  0.68172636D-02 -0.23148998D+01 -0.15998883D+02  0.43941709D+01
  0.91125313D-02 -0.50307581D+00 -0.16826316D+02  0.43941709D+01
  0.83414837D-02  0.14684712D+01 -0.16542850D+02  0.43941709D+01
  0.45760208D-02  0.29737890D+01 -0.15238485D+02  0.43941709D+01
  0.47461468D-02 -0.30552775D+01 -0.16034086D+02  0.23532667D+01
  0.86195943D-02 -0.14474292D+01 -0.17143904D+02  0.23532667D+01
  0.93869181D-02  0.49200764D+00 -0.17379394D+02  0.23532667D+01
  0.70786524D-02  0.23187315D+01 -0.16686609D+02  0.23532667D+01
  0.15783417D-02  0.36142619D+01 -0.15224257D+02  0.23532667D+01
  0.68393197D-02 -0.23148998D+01 -0.15998883D+02  0.31236247D+00
  0.10615935D-01 -0.50307581D+00 -0.16826316D+02  0.31236247D+00
  0.93595329D-02  0.14684712D+01 -0.16542850D+02  0.31236247D+00
  0.68393127D-02 -0.23148998D+01 -0.15998883D+02 -0.31236209D+00
  0.10615928D-01 -0.50307581D+00 -0.16826316D+02 -0.31236209D+00
  0.93595258D-02  0.14684712D+01 -0.16542850D+02 -0.31236209D+00
  0.47461157D-02 -0.30552775D+01 -0.16034086D+02 -0.23532663D+01
  0.86195622D-02 -0.14474292D+01 -0.17143904D+02 -0.23532663D+01
  0.93868859D-02  0.49200764D+00 -0.17379394D+02 -0.23532663D+01
  0.70786206D-02  0.23187315D+01 -0.16686609D+02 -0.23532663D+01
  0.15783118D-02  0.36142619D+01 -0.15224257D+02 -0.23532663D+01
  0.16716584D-02 -0.33917595D+01 -0.14323257D+02 -0.43941705D+01
  0.68172212D-02 -0.23148998D+01 -0.15998883D+02 -0.43941705D+01
  0.91124879D-02 -0.50307581D+00 -0.16826316D+02 -0.43941705D+01
  0.83414405D-02  0.14684712D+01 -0.16542850D+02 -0.43941705D+01
  0.45759797D-02  0.29737890D+01 -0.15238485D+02 -0.43941705D+01
  0.54952932D-02  0.20409042D+01 -0.13327346D+02 -0.58882161D+01
  0.54952932D-02 -0.20409042D+01 -0.13327346D+02 -0.58882161D+01
  0.80816492D-02 -0.10204521D+01 -0.15094821D+02 -0.58882161D+01
  0.80816492D-02  0.10204521D+01 -0.15094821D+02 -0.58882161D+01
  0.90267891D-02 -0.11322519D-14 -0.13327346D+02 -0.64350747D+01
  0.20802649D-02  0.35349498D+01 -0.93225104D+01 -0.67534312D+01
  0.49936708D-02  0.29737890D+01 -0.74113722D+01 -0.67534312D+01
  0.29340027D-02 -0.33917595D+01 -0.83265999D+01 -0.67534312D+01
  0.21999251D-02 -0.33917595D+01 -0.10318421D+02 -0.67534312D+01
  0.50864648D-02 -0.23148998D+01 -0.11994047D+02 -0.67534312D+01
  0.87762369D-02 -0.50307581D+00 -0.12821479D+02 -0.67534312D+01
  0.72377919D-02  0.14684712D+01 -0.12538014D+02 -0.67534312D+01
  0.32478354D-02  0.29737890D+01 -0.11233649D+02 -0.67534312D+01
  0.83660480D-02  0.20409042D+01 -0.93225104D+01 -0.82474768D+01
  0.11895527D-01  0.10204521D+01 -0.75550355D+01 -0.82474768D+01
  0.11895527D-01 -0.10204521D+01 -0.75550355D+01 -0.82474768D+01
  0.83660480D-02 -0.20409042D+01 -0.93225104D+01 -0.82474768D+01
  0.87264922D-02 -0.10204521D+01 -0.11089985D+02 -0.82474768D+01
  0.87264922D-02  0.10204521D+01 -0.11089985D+02 -0.82474768D+01
  0.10446652D-01 -0.64180089D-15 -0.93225104D+01 -0.87943355D+01
 -0.15342971D-01  0.55830508D+01  0.69377062D+01  0.23579561D+01
 -0.17511956D-01  0.55830508D+01  0.69377062D+01  0.38907108D+00
 -0.18261846D-01  0.52060398D+01  0.89545368D+01  0.38907108D+00
 -0.17426158D-01 -0.54879888D+01  0.79635891D+01  0.38907108D+00
 -0.18231357D-01 -0.54879888D+01  0.59118233D+01  0.38907108D+00
 -0.19415820D-01  0.52060398D+01  0.49208756D+01  0.38907108D+00
 -0.17511958D-01  0.55830508D+01  0.69377062D+01 -0.38907077D+00
 -0.18261847D-01  0.52060398D+01  0.89545368D+01 -0.38907077D+00
 -0.17426159D-01 -0.54879888D+01  0.79635891D+01 -0.38907077D+00
 -0.18231358D-01 -0.54879888D+01  0.59118233D+01 -0.38907077D+00
 -0.19415821D-01  0.52060398D+01  0.49208756D+01 -0.38907077D+00
 -0.15342976D-01  0.55830508D+01  0.69377062D+01 -0.23579558D+01
 -0.50397797D-02  0.49096525D+01  0.93231396D+01  0.54967089D+01
 -0.38032416D-02  0.44851907D+01  0.11320075D+02  0.54967089D+01
 -0.21043347D-02 -0.39719923D+01  0.12208961D+02  0.54967089D+01
 -0.47123560D-02 -0.48023648D+01  0.10343914D+02  0.54967089D+01
 -0.49725139D-02 -0.48023648D+01  0.83023655D+01  0.54967089D+01
 -0.46059266D-02  0.44851907D+01  0.73262040D+01  0.54967089D+01
 -0.11153576D-01  0.55830508D+01  0.93231396D+01  0.36465622D+01
 -0.99610249D-02  0.52060398D+01  0.11339970D+02  0.36465622D+01
 -0.10734168D-01 -0.54879888D+01  0.10349023D+02  0.36465622D+01
 -0.11585478D-01 -0.54879888D+01  0.82972567D+01  0.36465622D+01
 -0.12385384D-01  0.52060398D+01  0.73063090D+01  0.36465622D+01
 -0.15768575D-01  0.55830508D+01  0.93231396D+01  0.16776772D+01
 -0.15768577D-01  0.55830508D+01  0.93231396D+01 -0.16776788D+01
 -0.11153576D-01  0.55830508D+01  0.93231396D+01 -0.36465638D+01
 -0.99610291D-02  0.52060398D+01  0.11339970D+02 -0.36465638D+01
 -0.10734170D-01 -0.54879888D+01  0.10349023D+02 -0.36465638D+01
 -0.11585476D-01 -0.54879888D+01  0.82972568D+01 -0.36465638D+01
 -0.12385381D-01  0.52060398D+01  0.73063091D+01 -0.36465638D+01
 -0.50397737D-02  0.49096525D+01  0.93231396D+01 -0.54967105D+01
 -0.38032429D-02  0.44851907D+01  0.11320075D+02 -0.54967105D+01
 -0.21043438D-02 -0.39719923D+01  0.12208961D+02 -0.54967105D+01
 -0.47123528D-02 -0.48023648D+01  0.10343914D+02 -0.54967105D+01
 -0.49725061D-02 -0.48023648D+01  0.83023655D+01 -0.54967105D+01
 -0.46059170D-02  0.44851907D+01  0.73262041D+01 -0.54967105D+01
  0.22924342D-02  0.30655932D+01  0.13509479D+02  0.56959755D+01
 -0.29186585D-02  0.44851907D+01  0.13536278D+02  0.41877221D+01
 -0.57387106D-02 -0.48023648D+01  0.12560117D+02  0.41877221D+01
 -0.11636285D-01  0.55830508D+01  0.11539342D+02  0.23375754D+01
 -0.59481203D-02  0.52060398D+01  0.13556173D+02  0.23375754D+01
  0.37426334D-03  0.41259243D+01  0.15300619D+02  0.23375754D+01
 -0.28452288D-02 -0.47468055D+01  0.14478440D+02  0.23375754D+01
 -0.88933507D-02 -0.54879888D+01  0.12565225D+02  0.23375754D+01
 -0.13390867D-01  0.55830508D+01  0.11539342D+02  0.36869041D+00
 -0.72148645D-02  0.52060398D+01  0.13556173D+02  0.36869041D+00
 -0.37397059D-03  0.41259243D+01  0.15300619D+02  0.36869041D+00
  0.29899608D-02 -0.33645398D+01  0.15994713D+02  0.36869041D+00
 -0.38245437D-02 -0.47468055D+01  0.14478440D+02  0.36869041D+00
 -0.10438510D-01 -0.54879888D+01  0.12565225D+02  0.36869041D+00
 -0.15971925D-01 -0.54879888D+01  0.10513459D+02  0.36869041D+00
 -0.18150857D-01  0.52060398D+01  0.95225118D+01  0.36869041D+00
 -0.13390873D-01  0.55830508D+01  0.11539341D+02 -0.36869005D+00
 -0.72148741D-02  0.52060398D+01  0.13556171D+02 -0.36869005D+00
 -0.37397985D-03  0.41259243D+01  0.15300618D+02 -0.36869005D+00
  0.29899531D-02 -0.33645398D+01  0.15994711D+02 -0.36869005D+00
 -0.38245536D-02 -0.47468055D+01  0.14478438D+02 -0.36869005D+00
 -0.10438518D-01 -0.54879888D+01  0.12565223D+02 -0.36869005D+00
 -0.15971929D-01 -0.54879888D+01  0.10513458D+02 -0.36869005D+00
 -0.18150859D-01  0.52060398D+01  0.95225099D+01 -0.36869005D+00
 -0.11636297D-01  0.55830508D+01  0.11539341D+02 -0.23375750D+01
 -0.59481401D-02  0.52060398D+01  0.13556171D+02 -0.23375750D+01
  0.37423644D-03  0.41259243D+01  0.15300618D+02 -0.23375750D+01
 -0.28452524D-02 -0.47468055D+01  0.14478438D+02 -0.23375750D+01
 -0.88933667D-02 -0.54879888D+01  0.12565223D+02 -0.23375750D+01
 -0.29186869D-02  0.44851907D+01  0.13536276D+02 -0.41877217D+01
 -0.57387326D-02 -0.48023648D+01  0.12560115D+02 -0.41877217D+01
  0.22924028D-02  0.30655932D+01  0.13509478D+02 -0.56959751D+01
 -0.54629527D-02  0.49096525D+01  0.46549945D+01  0.54922831D+01
 -0.47329037D-02  0.44851907D+01  0.66519301D+01  0.54922831D+01
 -0.52968909D-02 -0.48023648D+01  0.56757687D+01  0.54922831D+01
 -0.53015523D-02 -0.48023648D+01  0.36342204D+01  0.54922831D+01
 -0.48162336D-02  0.44851907D+01  0.26580590D+01  0.54922831D+01
 -0.12267691D-01  0.55830508D+01  0.46549945D+01  0.36421364D+01
 -0.12649612D-01  0.52060398D+01  0.66718251D+01  0.36421364D+01
 -0.12352297D-01 -0.54879888D+01  0.56808774D+01  0.36421364D+01
 -0.12429311D-01 -0.54879888D+01  0.36291116D+01  0.36421364D+01
 -0.12979728D-01  0.52060398D+01  0.26381639D+01  0.36421364D+01
 -0.17123450D-01  0.55830508D+01  0.46549945D+01  0.16732515D+01
 -0.15947628D-01  0.55830508D+01  0.23130796D+01  0.23594017D+01
 -0.18193091D-01  0.55830508D+01  0.23130796D+01  0.39051669D+00
 -0.19387214D-01  0.52060398D+01  0.43299102D+01  0.39051669D+00
 -0.18405882D-01 -0.54879888D+01  0.33389625D+01  0.39051669D+00
 -0.18631119D-01 -0.54879888D+01  0.12871967D+01  0.39051669D+00
 -0.19697424D-01  0.52060398D+01  0.29624904D+00  0.39051669D+00
 -0.17123453D-01  0.55830508D+01  0.46549946D+01 -0.16732512D+01
 -0.12267692D-01  0.55830508D+01  0.46549946D+01 -0.36421362D+01
 -0.12649616D-01  0.52060398D+01  0.66718251D+01 -0.36421362D+01
 -0.12352299D-01 -0.54879888D+01  0.56808774D+01 -0.36421362D+01
 -0.12429310D-01 -0.54879888D+01  0.36291117D+01 -0.36421362D+01
 -0.12979724D-01  0.52060398D+01  0.26381640D+01 -0.36421362D+01
 -0.54629491D-02  0.49096525D+01  0.46549946D+01 -0.54922829D+01
 -0.47329022D-02  0.44851907D+01  0.66519301D+01 -0.54922829D+01
 -0.52968891D-02 -0.48023648D+01  0.56757687D+01 -0.54922829D+01
 -0.53015455D-02 -0.48023648D+01  0.36342204D+01 -0.54922829D+01
 -0.48162223D-02  0.44851907D+01  0.26580590D+01 -0.54922829D+01
 -0.18193091D-01  0.55830508D+01  0.23130796D+01 -0.39051644D+00
 -0.19387215D-01  0.52060398D+01  0.43299102D+01 -0.39051644D+00
 -0.18405882D-01 -0.54879888D+01  0.33389625D+01 -0.39051644D+00
 -0.18631119D-01 -0.54879888D+01  0.12871967D+01 -0.39051644D+00
 -0.19697424D-01  0.52060398D+01  0.29624906D+00 -0.39051644D+00
 -0.15947627D-01  0.55830508D+01  0.23130796D+01 -0.23594014D+01
  0.87576130D-02 -0.32702891D-30  0.93225103D+01  0.92478701D+01
  0.73922625D-02  0.19678114D+01  0.93225103D+01  0.87987299D+01
  0.74858135D-02  0.98390572D+00  0.11026685D+02  0.87987299D+01
  0.74858135D-02 -0.98390572D+00  0.11026685D+02  0.87987299D+01
  0.73922625D-02 -0.19678114D+01  0.93225103D+01  0.87987299D+01
  0.10031736D-01 -0.98390572D+00  0.76183356D+01  0.87987299D+01
  0.10031736D-01  0.98390572D+00  0.76183356D+01  0.87987299D+01
  0.32745382D-02  0.35458737D+01  0.93225103D+01  0.75402673D+01
  0.40036012D-02  0.29829788D+01  0.11239554D+02  0.75402673D+01
  0.64574085D-02  0.14730092D+01  0.12547951D+02  0.75402673D+01
  0.73329513D-02 -0.50463044D+00  0.12832292D+02  0.75402673D+01
  0.51684274D-02 -0.23220535D+01  0.12002303D+02  0.75402673D+01
  0.33152220D-02 -0.34022409D+01  0.10321498D+02  0.75402673D+01
  0.39973617D-02 -0.34022409D+01  0.83235223D+01  0.75402673D+01
  0.56967560D-02  0.29829788D+01  0.74054663D+01  0.75402673D+01
  0.10286445D-01 -0.21192980D-30  0.46561510D+01  0.92447444D+01
  0.86874152D-02  0.19678114D+01  0.46561510D+01  0.87956043D+01
  0.10406386D-01  0.98390572D+00  0.63603257D+01  0.87956043D+01
  0.10406386D-01 -0.98390572D+00  0.63603257D+01  0.87956043D+01
  0.86874152D-02 -0.19678114D+01  0.46561510D+01  0.87956043D+01
  0.10836360D-01 -0.98390572D+00  0.29519763D+01  0.87956043D+01
  0.10836360D-01  0.98390572D+00  0.29519763D+01  0.87956043D+01
  0.39354317D-02  0.35458737D+01  0.46561510D+01  0.75371417D+01
  0.58220751D-02  0.29829788D+01  0.65731951D+01  0.75371417D+01
  0.43530567D-02 -0.34022409D+01  0.56551391D+01  0.75371417D+01
  0.44764638D-02 -0.34022409D+01  0.36571630D+01  0.75371417D+01
  0.61068671D-02  0.29829788D+01  0.27391070D+01  0.75371417D+01
  0.39354327D-02  0.35458737D+01  0.46561492D+01 -0.75371395D+01
  0.58220776D-02  0.29829788D+01  0.65731932D+01 -0.75371395D+01
  0.43530570D-02 -0.34022409D+01  0.56551373D+01 -0.75371395D+01
  0.44764674D-02 -0.34022409D+01  0.36571611D+01 -0.75371395D+01
  0.61068742D-02  0.29829788D+01  0.27391051D+01 -0.75371395D+01
  0.86874175D-02  0.19678114D+01  0.46561492D+01 -0.87956021D+01
  0.10406391D-01  0.98390572D+00  0.63603239D+01 -0.87956021D+01
  0.10406391D-01 -0.98390572D+00  0.63603239D+01 -0.87956021D+01
  0.86874175D-02 -0.19678114D+01  0.46561492D+01 -0.87956021D+01
  0.10836365D-01 -0.98390572D+00  0.29519745D+01 -0.87956021D+01
  0.10836365D-01  0.98390572D+00  0.29519745D+01 -0.87956021D+01
  0.10286448D-01  0.55541929D-15  0.46561492D+01 -0.92447423D+01
  0.32745442D-02  0.35458737D+01  0.93225104D+01 -0.75402670D+01
  0.40036009D-02  0.29829788D+01  0.11239554D+02 -0.75402670D+01
  0.64573987D-02  0.14730092D+01  0.12547951D+02 -0.75402670D+01
  0.73329383D-02 -0.50463044D+00  0.12832292D+02 -0.75402670D+01
  0.51684223D-02 -0.23220535D+01  0.12002303D+02 -0.75402670D+01
  0.33152254D-02 -0.34022409D+01  0.10321498D+02 -0.75402670D+01
  0.39973688D-02 -0.34022409D+01  0.83235223D+01 -0.75402670D+01
  0.56967623D-02  0.29829788D+01  0.74054663D+01 -0.75402670D+01
  0.73922698D-02  0.19678114D+01  0.93225104D+01 -0.87987296D+01
  0.74858168D-02  0.98390572D+00  0.11026685D+02 -0.87987296D+01
  0.74858168D-02 -0.98390572D+00  0.11026685D+02 -0.87987296D+01
  0.73922698D-02 -0.19678114D+01  0.93225104D+01 -0.87987296D+01
  0.10031742D-01 -0.98390572D+00  0.76183357D+01 -0.87987296D+01
  0.10031742D-01  0.98390572D+00  0.76183357D+01 -0.87987296D+01
  0.87576206D-02  0.55541929D-15  0.93225104D+01 -0.92478697D+01
  0.53443738D-02  0.27568426D+01  0.16784318D+02 -0.13440576D+01
  0.79096438D-02  0.98390572D+00  0.17638119D+02 -0.13440576D+01
  0.79096438D-02 -0.98390572D+00  0.17638119D+02 -0.13440576D+01
  0.53443738D-02 -0.27568426D+01  0.16784318D+02 -0.13440576D+01
  0.12138692D-02  0.39837529D+01  0.15245821D+02 -0.33624750D+01
  0.54246698D-02  0.27568426D+01  0.16784318D+02 -0.33624750D+01
  0.75037367D-02  0.98390572D+00  0.17638119D+02 -0.33624750D+01
  0.75037367D-02 -0.98390572D+00  0.17638119D+02 -0.33624750D+01
  0.54246698D-02 -0.27568426D+01  0.16784318D+02 -0.33624750D+01
  0.12138692D-02 -0.39837529D+01  0.15245821D+02 -0.33624750D+01
  0.41516638D-02  0.29829788D+01  0.15244391D+02 -0.51810062D+01
  0.68307642D-02  0.14730092D+01  0.16552787D+02 -0.51810062D+01
  0.73924816D-02 -0.50463044D+00  0.16837128D+02 -0.51810062D+01
  0.57323518D-02 -0.23220535D+01  0.16007139D+02 -0.51810062D+01
  0.21844165D-02 -0.34022409D+01  0.14326335D+02 -0.51810062D+01
  0.55105058D-02  0.19678114D+01  0.13327346D+02 -0.64394689D+01
  0.68010301D-02  0.98390572D+00  0.15031521D+02 -0.64394689D+01
  0.68010301D-02 -0.98390572D+00  0.15031521D+02 -0.64394689D+01
  0.55105058D-02 -0.19678114D+01  0.13327346D+02 -0.64394689D+01
  0.79832502D-02  0.55541929D-15  0.13327346D+02 -0.68886090D+01
  0.79832752D-02 -0.37708828D-30  0.13327346D+02  0.68886094D+01
  0.55105324D-02  0.19678114D+01  0.13327346D+02  0.64394693D+01
  0.68010657D-02  0.98390572D+00  0.15031521D+02  0.64394693D+01
  0.68010657D-02 -0.98390572D+00  0.15031521D+02  0.64394693D+01
  0.55105324D-02 -0.19678114D+01  0.13327346D+02  0.64394693D+01
  0.41516983D-02  0.29829788D+01  0.15244391D+02  0.51810066D+01
  0.68308010D-02  0.14730092D+01  0.16552787D+02  0.51810066D+01
  0.73925186D-02 -0.50463044D+00  0.16837128D+02  0.51810066D+01
  0.57323877D-02 -0.23220535D+01  0.16007139D+02  0.51810066D+01
  0.21844485D-02 -0.34022409D+01  0.14326335D+02  0.51810066D+01
  0.12138976D-02  0.39837529D+01  0.15245821D+02  0.33624754D+01
  0.54247002D-02  0.27568426D+01  0.16784318D+02  0.33624754D+01
  0.75037677D-02  0.98390572D+00  0.17638119D+02  0.33624754D+01
  0.75037677D-02 -0.98390572D+00  0.17638119D+02  0.33624754D+01
  0.54247002D-02 -0.27568426D+01  0.16784318D+02  0.33624754D+01
  0.12138976D-02 -0.39837529D+01  0.15245821D+02  0.33624754D+01
  0.53443911D-02  0.27568426D+01  0.16784318D+02  0.13440580D+01
  0.79096615D-02  0.98390572D+00  0.17638119D+02  0.13440580D+01
  0.79096615D-02 -0.98390572D+00  0.17638119D+02  0.13440580D+01
  0.53443911D-02 -0.27568426D+01  0.16784318D+02  0.13440580D+01
 -0.55515056D-02  0.49096525D+01  0.00000000D+00  0.54932185D+01
 -0.48455785D-02  0.44851907D+01  0.19969356D+01  0.54932185D+01
 -0.53842754D-02 -0.48023648D+01  0.10207742D+01  0.54932185D+01
 -0.53842754D-02 -0.48023648D+01 -0.10207742D+01  0.54932185D+01
 -0.48455785D-02  0.44851907D+01 -0.19969356D+01  0.54932185D+01
 -0.12479851D-01  0.55830508D+01  0.00000000D+00  0.36430718D+01
 -0.13042137D-01  0.52060398D+01  0.20168306D+01  0.36430718D+01
 -0.12607256D-01 -0.54879888D+01  0.10258829D+01  0.36430718D+01
 -0.12607256D-01 -0.54879888D+01 -0.10258829D+01  0.36430718D+01
 -0.13042137D-01  0.52060398D+01 -0.20168306D+01  0.36430718D+01
 -0.17405808D-01  0.55830508D+01  0.00000000D+00  0.16741869D+01
 -0.15947628D-01  0.55830508D+01 -0.23130796D+01  0.23594017D+01
 -0.18193091D-01  0.55830508D+01 -0.23130796D+01  0.39051669D+00
 -0.19697424D-01  0.52060398D+01 -0.29624904D+00  0.39051669D+00
 -0.18631119D-01 -0.54879888D+01 -0.12871967D+01  0.39051669D+00
 -0.18405882D-01 -0.54879888D+01 -0.33389625D+01  0.39051669D+00
 -0.19387214D-01  0.52060398D+01 -0.43299102D+01  0.39051669D+00
 -0.17405807D-01  0.55830508D+01  0.00000000D+00 -0.16741866D+01
 -0.12479845D-01  0.55830508D+01  0.00000000D+00 -0.36430716D+01
 -0.13042132D-01  0.52060398D+01  0.20168306D+01 -0.36430716D+01
 -0.12607251D-01 -0.54879888D+01  0.10258829D+01 -0.36430716D+01
 -0.12607251D-01 -0.54879888D+01 -0.10258829D+01 -0.36430716D+01
 -0.13042132D-01  0.52060398D+01 -0.20168306D+01 -0.36430716D+01
 -0.55514930D-02  0.49096525D+01  0.00000000D+00 -0.54932183D+01
 -0.48455652D-02  0.44851907D+01  0.19969356D+01 -0.54932183D+01
 -0.53842626D-02 -0.48023648D+01  0.10207742D+01 -0.54932183D+01
 -0.53842626D-02 -0.48023648D+01 -0.10207742D+01 -0.54932183D+01
 -0.48455652D-02  0.44851907D+01 -0.19969356D+01 -0.54932183D+01
 -0.18193091D-01  0.55830508D+01 -0.23130796D+01 -0.39051644D+00
 -0.19697424D-01  0.52060398D+01 -0.29624906D+00 -0.39051644D+00
 -0.18631119D-01 -0.54879888D+01 -0.12871967D+01 -0.39051644D+00
 -0.18405882D-01 -0.54879888D+01 -0.33389625D+01 -0.39051644D+00
 -0.19387215D-01  0.52060398D+01 -0.43299102D+01 -0.39051644D+00
 -0.15947627D-01  0.55830508D+01 -0.23130796D+01 -0.23594014D+01
  0.10514659D-01 -0.16574923D-23  0.00000000D+00  0.92455022D+01
  0.88769060D-02  0.19678114D+01  0.00000000D+00  0.87963621D+01
  0.10886484D-01  0.98390572D+00  0.17041747D+01  0.87963621D+01
  0.10886484D-01 -0.98390572D+00  0.17041747D+01  0.87963621D+01
  0.88769060D-02 -0.19678114D+01  0.24098740D-15  0.87963621D+01
  0.10886484D-01 -0.98390572D+00 -0.17041747D+01  0.87963621D+01
  0.10886484D-01  0.98390572D+00 -0.17041747D+01  0.87963621D+01
  0.40203194D-02  0.35458737D+01  0.00000000D+00  0.75378994D+01
  0.61195485D-02  0.29829788D+01  0.19170441D+01  0.75378994D+01
  0.45159687D-02 -0.34022409D+01  0.99898807D+00  0.75378994D+01
  0.45159687D-02 -0.34022409D+01 -0.99898807D+00  0.75378994D+01
  0.61195485D-02  0.29829788D+01 -0.19170441D+01  0.75378994D+01
  0.40203233D-02  0.35458737D+01  0.00000000D+00 -0.75378954D+01
  0.61195553D-02  0.29829788D+01  0.19170441D+01 -0.75378954D+01
  0.45159733D-02 -0.34022409D+01  0.99898807D+00 -0.75378954D+01
  0.45159733D-02 -0.34022409D+01 -0.99898807D+00 -0.75378954D+01
  0.61195553D-02  0.29829788D+01 -0.19170441D+01 -0.75378954D+01
  0.88769116D-02  0.19678114D+01  0.00000000D+00 -0.87963581D+01
  0.10886493D-01  0.98390572D+00  0.17041747D+01 -0.87963581D+01
  0.10886493D-01 -0.98390572D+00  0.17041747D+01 -0.87963581D+01
  0.88769116D-02 -0.19678114D+01  0.24098740D-15 -0.87963581D+01
  0.10886493D-01 -0.98390572D+00 -0.17041747D+01 -0.87963581D+01
  0.10886493D-01  0.98390572D+00 -0.17041747D+01 -0.87963581D+01
  0.10514665D-01  0.55541929D-15  0.00000000D+00 -0.92454982D+01
 -0.54629527D-02  0.49096525D+01 -0.46549945D+01  0.54922831D+01
 -0.48162336D-02  0.44851907D+01 -0.26580590D+01  0.54922831D+01
 -0.53015523D-02 -0.48023648D+01 -0.36342204D+01  0.54922831D+01
 -0.52968909D-02 -0.48023648D+01 -0.56757687D+01  0.54922831D+01
 -0.47329037D-02  0.44851907D+01 -0.66519301D+01  0.54922831D+01
 -0.12267691D-01  0.55830508D+01 -0.46549945D+01  0.36421364D+01
 -0.12979728D-01  0.52060398D+01 -0.26381639D+01  0.36421364D+01
 -0.12429311D-01 -0.54879888D+01 -0.36291116D+01  0.36421364D+01
 -0.12352297D-01 -0.54879888D+01 -0.56808774D+01  0.36421364D+01
 -0.12649612D-01  0.52060398D+01 -0.66718251D+01  0.36421364D+01
 -0.17123450D-01  0.55830508D+01 -0.46549945D+01  0.16732515D+01
 -0.15342971D-01  0.55830508D+01 -0.69377062D+01  0.23579561D+01
 -0.17511956D-01  0.55830508D+01 -0.69377062D+01  0.38907108D+00
 -0.19415820D-01  0.52060398D+01 -0.49208756D+01  0.38907108D+00
 -0.18231357D-01 -0.54879888D+01 -0.59118233D+01  0.38907108D+00
 -0.17426158D-01 -0.54879888D+01 -0.79635891D+01  0.38907108D+00
 -0.18261846D-01  0.52060398D+01 -0.89545368D+01  0.38907108D+00
 -0.17123453D-01  0.55830508D+01 -0.46549946D+01 -0.16732512D+01
 -0.12267692D-01  0.55830508D+01 -0.46549946D+01 -0.36421362D+01
 -0.12979724D-01  0.52060398D+01 -0.26381640D+01 -0.36421362D+01
 -0.12429310D-01 -0.54879888D+01 -0.36291117D+01 -0.36421362D+01
 -0.12352299D-01 -0.54879888D+01 -0.56808774D+01 -0.36421362D+01
 -0.12649616D-01  0.52060398D+01 -0.66718251D+01 -0.36421362D+01
 -0.54629491D-02  0.49096525D+01 -0.46549946D+01 -0.54922829D+01
 -0.48162223D-02  0.44851907D+01 -0.26580590D+01 -0.54922829D+01
 -0.53015455D-02 -0.48023648D+01 -0.36342204D+01 -0.54922829D+01
 -0.52968891D-02 -0.48023648D+01 -0.56757687D+01 -0.54922829D+01
 -0.47329022D-02  0.44851907D+01 -0.66519301D+01 -0.54922829D+01
 -0.17511958D-01  0.55830508D+01 -0.69377062D+01 -0.38907077D+00
 -0.19415821D-01  0.52060398D+01 -0.49208756D+01 -0.38907077D+00
 -0.18231358D-01 -0.54879888D+01 -0.59118233D+01 -0.38907077D+00
 -0.17426159D-01 -0.54879888D+01 -0.79635891D+01 -0.38907077D+00
 -0.18261847D-01  0.52060398D+01 -0.89545368D+01 -0.38907077D+00
 -0.15342976D-01  0.55830508D+01 -0.69377062D+01 -0.23579558D+01
  0.10286445D-01 -0.57021405D-15 -0.46561510D+01  0.92447444D+01
  0.86874152D-02  0.19678114D+01 -0.46561510D+01  0.87956043D+01
  0.10836360D-01  0.98390572D+00 -0.29519763D+01  0.87956043D+01
  0.10836360D-01 -0.98390572D+00 -0.29519763D+01  0.87956043D+01
  0.86874152D-02 -0.19678114D+01 -0.46561510D+01  0.87956043D+01
  0.10406386D-01 -0.98390572D+00 -0.63603257D+01  0.87956043D+01
  0.10406386D-01  0.98390572D+00 -0.63603257D+01  0.87956043D+01
  0.39354317D-02  0.35458737D+01 -0.46561510D+01  0.75371417D+01
  0.61068671D-02  0.29829788D+01 -0.27391070D+01  0.75371417D+01
  0.44764638D-02 -0.34022409D+01 -0.36571630D+01  0.75371417D+01
  0.43530567D-02 -0.34022409D+01 -0.56551391D+01  0.75371417D+01
  0.58220751D-02  0.29829788D+01 -0.65731951D+01  0.75371417D+01
  0.39354327D-02  0.35458737D+01 -0.46561492D+01 -0.75371395D+01
  0.61068742D-02  0.29829788D+01 -0.27391051D+01 -0.75371395D+01
  0.44764674D-02 -0.34022409D+01 -0.36571611D+01 -0.75371395D+01
  0.43530570D-02 -0.34022409D+01 -0.56551373D+01 -0.75371395D+01
  0.58220776D-02  0.29829788D+01 -0.65731932D+01 -0.75371395D+01
  0.86874175D-02  0.19678114D+01 -0.46561492D+01 -0.87956021D+01
  0.10836365D-01  0.98390572D+00 -0.29519745D+01 -0.87956021D+01
  0.10836365D-01 -0.98390572D+00 -0.29519745D+01 -0.87956021D+01
  0.86874175D-02 -0.19678114D+01 -0.46561492D+01 -0.87956021D+01
  0.10406391D-01 -0.98390572D+00 -0.63603239D+01 -0.87956021D+01
  0.10406391D-01  0.98390572D+00 -0.63603239D+01 -0.87956021D+01
  0.10286448D-01 -0.14794528D-16 -0.46561492D+01 -0.92447423D+01
 -0.50397797D-02  0.49096525D+01 -0.93231396D+01  0.54967089D+01
 -0.46059266D-02  0.44851907D+01 -0.73262040D+01  0.54967089D+01
 -0.49725139D-02 -0.48023648D+01 -0.83023655D+01  0.54967089D+01
 -0.47123560D-02 -0.48023648D+01 -0.10343914D+02  0.54967089D+01
 -0.21043347D-02 -0.39719923D+01 -0.12208961D+02  0.54967089D+01
 -0.38032416D-02  0.44851907D+01 -0.11320075D+02  0.54967089D+01
 -0.11153576D-01  0.55830508D+01 -0.93231396D+01  0.36465622D+01
 -0.12385384D-01  0.52060398D+01 -0.73063090D+01  0.36465622D+01
 -0.11585478D-01 -0.54879888D+01 -0.82972567D+01  0.36465622D+01
 -0.10734168D-01 -0.54879888D+01 -0.10349023D+02  0.36465622D+01
 -0.99610249D-02  0.52060398D+01 -0.11339970D+02  0.36465622D+01
 -0.15768575D-01  0.55830508D+01 -0.93231396D+01  0.16776772D+01
  0.22924342D-02  0.30655932D+01 -0.13509479D+02  0.56959755D+01
 -0.57387106D-02 -0.48023648D+01 -0.12560117D+02  0.41877221D+01
 -0.29186585D-02  0.44851907D+01 -0.13536278D+02  0.41877221D+01
 -0.11636285D-01  0.55830508D+01 -0.11539342D+02  0.23375754D+01
 -0.88933507D-02 -0.54879888D+01 -0.12565225D+02  0.23375754D+01
 -0.28452288D-02 -0.47468055D+01 -0.14478440D+02  0.23375754D+01
  0.37426334D-03  0.41259243D+01 -0.15300619D+02  0.23375754D+01
 -0.59481203D-02  0.52060398D+01 -0.13556173D+02  0.23375754D+01
 -0.13390867D-01  0.55830508D+01 -0.11539342D+02  0.36869041D+00
 -0.18150857D-01  0.52060398D+01 -0.95225118D+01  0.36869041D+00
 -0.15971925D-01 -0.54879888D+01 -0.10513459D+02  0.36869041D+00
 -0.10438510D-01 -0.54879888D+01 -0.12565225D+02  0.36869041D+00
 -0.38245437D-02 -0.47468055D+01 -0.14478440D+02  0.36869041D+00
  0.29899608D-02 -0.33645398D+01 -0.15994713D+02  0.36869041D+00
 -0.37397059D-03  0.41259243D+01 -0.15300619D+02  0.36869041D+00
 -0.72148645D-02  0.52060398D+01 -0.13556173D+02  0.36869041D+00
 -0.15768577D-01  0.55830508D+01 -0.93231396D+01 -0.16776788D+01
 -0.11153576D-01  0.55830508D+01 -0.93231396D+01 -0.36465638D+01
 -0.12385381D-01  0.52060398D+01 -0.73063091D+01 -0.36465638D+01
 -0.11585476D-01 -0.54879888D+01 -0.82972568D+01 -0.36465638D+01
 -0.10734170D-01 -0.54879888D+01 -0.10349023D+02 -0.36465638D+01
 -0.99610291D-02  0.52060398D+01 -0.11339970D+02 -0.36465638D+01
 -0.50397737D-02  0.49096525D+01 -0.93231396D+01 -0.54967105D+01
 -0.46059170D-02  0.44851907D+01 -0.73262041D+01 -0.54967105D+01
 -0.49725061D-02 -0.48023648D+01 -0.83023655D+01 -0.54967105D+01
 -0.47123528D-02 -0.48023648D+01 -0.10343914D+02 -0.54967105D+01
 -0.21043438D-02 -0.39719923D+01 -0.12208961D+02 -0.54967105D+01
 -0.38032429D-02  0.44851907D+01 -0.11320075D+02 -0.54967105D+01
 -0.13390873D-01  0.55830508D+01 -0.11539341D+02 -0.36869005D+00
 -0.18150859D-01  0.52060398D+01 -0.95225099D+01 -0.36869005D+00
 -0.15971929D-01 -0.54879888D+01 -0.10513458D+02 -0.36869005D+00
 -0.10438518D-01 -0.54879888D+01 -0.12565223D+02 -0.36869005D+00
 -0.38245536D-02 -0.47468055D+01 -0.14478438D+02 -0.36869005D+00
  0.29899531D-02 -0.33645398D+01 -0.15994711D+02 -0.36869005D+00
 -0.37397985D-03  0.41259243D+01 -0.15300618D+02 -0.36869005D+00
 -0.72148741D-02  0.52060398D+01 -0.13556171D+02 -0.36869005D+00
 -0.11636297D-01  0.55830508D+01 -0.11539341D+02 -0.23375750D+01
 -0.88933667D-02 -0.54879888D+01 -0.12565223D+02 -0.23375750D+01
 -0.28452524D-02 -0.47468055D+01 -0.14478438D+02 -0.23375750D+01
  0.37423644D-03  0.41259243D+01 -0.15300618D+02 -0.23375750D+01
 -0.59481401D-02  0.52060398D+01 -0.13556171D+02 -0.23375750D+01
 -0.57387326D-02 -0.48023648D+01 -0.12560115D+02 -0.41877217D+01
 -0.29186869D-02  0.44851907D+01 -0.13536276D+02 -0.41877217D+01
  0.22924028D-02  0.30655932D+01 -0.13509478D+02 -0.56959751D+01
  0.87576130D-02 -0.11416782D-14 -0.93225103D+01  0.92478701D+01
  0.73922625D-02  0.19678114D+01 -0.93225103D+01  0.87987299D+01
  0.10031736D-01  0.98390572D+00 -0.76183356D+01  0.87987299D+01
  0.10031736D-01 -0.98390572D+00 -0.76183356D+01  0.87987299D+01
  0.73922625D-02 -0.19678114D+01 -0.93225103D+01  0.87987299D+01
  0.74858135D-02 -0.98390572D+00 -0.11026685D+02  0.87987299D+01
  0.74858135D-02  0.98390572D+00 -0.11026685D+02  0.87987299D+01
  0.32745382D-02  0.35458737D+01 -0.93225103D+01  0.75402673D+01
  0.56967560D-02  0.29829788D+01 -0.74054663D+01  0.75402673D+01
  0.39973617D-02 -0.34022409D+01 -0.83235223D+01  0.75402673D+01
  0.33152220D-02 -0.34022409D+01 -0.10321498D+02  0.75402673D+01
  0.51684274D-02 -0.23220535D+01 -0.12002303D+02  0.75402673D+01
  0.73329513D-02 -0.50463044D+00 -0.12832292D+02  0.75402673D+01
  0.64574085D-02  0.14730092D+01 -0.12547951D+02  0.75402673D+01
  0.40036012D-02  0.29829788D+01 -0.11239554D+02  0.75402673D+01
  0.79832752D-02 -0.16321292D-14 -0.13327346D+02  0.68886094D+01
  0.55105324D-02  0.19678114D+01 -0.13327346D+02  0.64394693D+01
  0.55105324D-02 -0.19678114D+01 -0.13327346D+02  0.64394693D+01
  0.68010657D-02 -0.98390572D+00 -0.15031521D+02  0.64394693D+01
  0.68010657D-02  0.98390572D+00 -0.15031521D+02  0.64394693D+01
  0.21844485D-02 -0.34022409D+01 -0.14326335D+02  0.51810066D+01
  0.57323877D-02 -0.23220535D+01 -0.16007139D+02  0.51810066D+01
  0.73925186D-02 -0.50463044D+00 -0.16837128D+02  0.51810066D+01
  0.68308010D-02  0.14730092D+01 -0.16552787D+02  0.51810066D+01
  0.41516983D-02  0.29829788D+01 -0.15244391D+02  0.51810066D+01
  0.12138976D-02 -0.39837529D+01 -0.15245821D+02  0.33624754D+01
  0.54247002D-02 -0.27568426D+01 -0.16784318D+02  0.33624754D+01
  0.75037677D-02 -0.98390572D+00 -0.17638119D+02  0.33624754D+01
  0.75037677D-02  0.98390572D+00 -0.17638119D+02  0.33624754D+01
  0.54247002D-02  0.27568426D+01 -0.16784318D+02  0.33624754D+01
  0.12138976D-02  0.39837529D+01 -0.15245821D+02  0.33624754D+01
  0.53443911D-02 -0.27568426D+01 -0.16784318D+02  0.13440580D+01
  0.79096615D-02 -0.98390572D+00 -0.17638119D+02  0.13440580D+01
  0.79096615D-02  0.98390572D+00 -0.17638119D+02  0.13440580D+01
  0.53443911D-02  0.27568426D+01 -0.16784318D+02  0.13440580D+01
  0.53443738D-02 -0.27568426D+01 -0.16784318D+02 -0.13440576D+01
  0.79096438D-02 -0.98390572D+00 -0.17638119D+02 -0.13440576D+01
  0.79096438D-02  0.98390572D+00 -0.17638119D+02 -0.13440576D+01
  0.53443738D-02  0.27568426D+01 -0.16784318D+02 -0.13440576D+01
  0.12138692D-02 -0.39837529D+01 -0.15245821D+02 -0.33624750D+01
  0.54246698D-02 -0.27568426D+01 -0.16784318D+02 -0.33624750D+01
  0.75037367D-02 -0.98390572D+00 -0.17638119D+02 -0.33624750D+01
  0.75037367D-02  0.98390572D+00 -0.17638119D+02 -0.33624750D+01
  0.54246698D-02  0.27568426D+01 -0.16784318D+02 -0.33624750D+01
  0.12138692D-02  0.39837529D+01 -0.15245821D+02 -0.33624750D+01
  0.21844165D-02 -0.34022409D+01 -0.14326335D+02 -0.51810062D+01
  0.57323518D-02 -0.23220535D+01 -0.16007139D+02 -0.51810062D+01
  0.73924816D-02 -0.50463044D+00 -0.16837128D+02 -0.51810062D+01
  0.68307642D-02  0.14730092D+01 -0.16552787D+02 -0.51810062D+01
  0.41516638D-02  0.29829788D+01 -0.15244391D+02 -0.51810062D+01
  0.55105058D-02  0.19678114D+01 -0.13327346D+02 -0.64394689D+01
  0.55105058D-02 -0.19678114D+01 -0.13327346D+02 -0.64394689D+01
  0.68010301D-02 -0.98390572D+00 -0.15031521D+02 -0.64394689D+01
  0.68010301D-02  0.98390572D+00 -0.15031521D+02 -0.64394689D+01
  0.79832502D-02 -0.10767099D-14 -0.13327346D+02 -0.68886090D+01
  0.32745442D-02  0.35458737D+01 -0.93225104D+01 -0.75402670D+01
  0.56967623D-02  0.29829788D+01 -0.74054663D+01 -0.75402670D+01
  0.39973688D-02 -0.34022409D+01 -0.83235223D+01 -0.75402670D+01
  0.33152254D-02 -0.34022409D+01 -0.10321498D+02 -0.75402670D+01
  0.51684223D-02 -0.23220535D+01 -0.12002303D+02 -0.75402670D+01
  0.73329383D-02 -0.50463044D+00 -0.12832292D+02 -0.75402670D+01
  0.64573987D-02  0.14730092D+01 -0.12547951D+02 -0.75402670D+01
  0.40036009D-02  0.29829788D+01 -0.11239554D+02 -0.75402670D+01
  0.73922698D-02  0.19678114D+01 -0.93225104D+01 -0.87987296D+01
  0.10031742D-01  0.98390572D+00 -0.76183357D+01 -0.87987296D+01
  0.10031742D-01 -0.98390572D+00 -0.76183357D+01 -0.87987296D+01
  0.73922698D-02 -0.19678114D+01 -0.93225104D+01 -0.87987296D+01
  0.74858168D-02 -0.98390572D+00 -0.11026685D+02 -0.87987296D+01
  0.74858168D-02  0.98390572D+00 -0.11026685D+02 -0.87987296D+01
  0.87576206D-02 -0.58625896D-15 -0.93225104D+01 -0.92478697D+01
